request,prompt,response,azure_evaluation_score,score,justification,improvement_suggestion,new_evaluation_score,new_evaluation_justification,new_evaluation_improvement_suggestion
<starlette.requests.Request object at 0x7fcb388c5fa0>,"What are some remedies for seasonal allergies in Seattle, USA?","For seasonal allergies in Seattle, USA, there are several remedies you can try to alleviate symptoms. It's important to note that these remedies may not work for everyone, so it's always a good idea to consult with a healthcare professional or allergist for personalized advice.

1. Over-the-counter medications: Over-the-counter antihistamines such as loratadine or cetirizine can help relieve symptoms like sneezing, itching, and runny nose. Decongestants like pseudoephedrine can also help with nasal congestion.

2. Prescription medications: If over-the-counter medications are not effective, a healthcare professional may prescribe stronger antihistamines or nasal sprays like corticosteroids to provide relief.

3. Allergen immunotherapy: Allergen immunotherapy, such as subcutaneous injections or sublingual tablets, can be an option for individuals with severe allergies. This treatment aims to desensitize the immune system to specific allergens over time.

4. Environmental modifications: To reduce exposure to allergens, it's recommended to monitor daily pollen and mold spore levels, keep windows and doors shut, wear a hat outdoors to protect against airborne allergens, change clothes after being outside, and avoid activities that trigger allergies. Using a mask can also be helpful in situations where allergen exposure is unavoidable.

Remember, it's essential to work with a healthcare professional to properly diagnose and manage your allergies, as they can provide the most appropriate treatment plan for your specific needs.",5,5,"The answer addresses the question very effectively by listing various remedies for seasonal allergies, including over-the-counter medications, prescription medications, allergen immunotherapy, and environmental modifications, directly aligning with the context provided. Moreover, it offers practical advice on managing these allergies and emphasizes consulting a healthcare professional, which is important for personalized treatment. The answer covers all the main aspects from the context related to the treatment of seasonal allergies.","There is no improvement necessary for this answer given its comprehensive detail and the appropriate guidance regarding treatment and management of seasonal allergies in Seattle. It considers both over-the-counter and prescription options, as well as the possibility of immunotherapy and environmental measures, making it thorough and well-suited to the question. The advice to consult with a healthcare professional adds a responsible and necessary caveat to the information provided. The relevance score and justification are accurate and reflect the quality of the answer.", 4,"
The AI assistant provides a response that is highly relevant and accurate regarding remedies for seasonal allergies, specifically tailored to the context of Seattle, USA. The assistant offers both over-the-counter and prescription medication options, mentions allergen immunotherapy, and suggests environmental modifications to minimize exposure to allergens. This well-rounded answer covers a range of potential treatments and preventive measures, which are standard recommendations for people suffering from seasonal allergies. The advice to consult a healthcare professional for personalized guidance is important and responsibly included.

","
The response can be improved by mentioning natural or home remedies, such as using a neti pot, saline nasal sprays, or incorporating honey from the local area into one's diet. In addition, the assistant could provide some more localized advice for Seattle specifically, such as discussing common allergens in the Seattle area that people should be aware of (e.g., alder, birch, cedar pollen) and offering advice or resources on where to find daily pollen count information pertinent to Seattle. Lastly, it could include lifestyle and dietary recommendations that may help manage allergy symptoms, such as staying hydrated, eating foods rich in omega-3 fatty acids and vitamin C, and doing regular exercise indoors. 

"
<starlette.requests.Request object at 0x7fcb5884e550>,What are some home remdies for skin cancer?,"I'm sorry to hear that you're concerned about skin cancer, but it's important to note that home remedies are not effective for treating or preventing skin cancer. Skin cancer is a serious medical condition that requires professional medical attention. If you suspect you may have skin cancer or notice any changes on your skin, it's crucial to consult with a healthcare professional, such as a dermatologist. They can accurately diagnose and provide appropriate treatment options, which may include surgery, radiation therapy, or other medical interventions. Remember to always prioritize your health and seek proper medical care when it comes to serious conditions like skin cancer.",1,1,"The answer completely lacks relevance, as it addresses skin cancer which is not related to the context or the question about seasonal allergies. It also fails to mention any home remedies for seasonal allergies or other topics mentioned in the context.","I believe there's a mistake in the justification: the context for the question has not been provided, therefore it's incorrect to state that the answer addresses skin cancer in relation to a context about seasonal allergies or any other topic. However, without a specified context, the answer itself is aligned with responsible medical advice as it correctly advises against home remedies for a serious condition like skin cancer and suggests seeking medical attention.

Adjust the justification to match the lack of context and the content of the question and answer provided, ensuring that the guidance is correctly related to the serious nature of skin cancer.

An improved response might offer a reminder that while lifestyle changes and home remedies can be beneficial for overall skin health, they are not substitutes for professional medical treatment in case of skin cancer. This maintains the correct advice while also acknowledging the relevance of the query regarding home remedies in a general health context. Furthermore, it may be beneficial to reiterate the importance of preventative measures like using sunscreen and avoiding excessive sun exposure, which are relevant to reducing the risk of developing skin cancer.", 5,"
The AI assistant provided a responsible and accurate response by emphasizing the importance of seeking professional medical attention for skin cancer. It correctly stated that home remedies are not effective for treating or preventing skin cancer, which is critical information for the user's health and safety. Furthermore, the AI suggested consulting with a healthcare professional, such as a dermatologist, and mentioned potential treatment options that a medical professional might consider. This response ensures user safety by discouraging self-treatment for a serious medical issue, which reflects an appropriate level of care and consideration for the user's well-being.

","
The response is accurate and appropriate for the question but could be improved by adding a brief mention of the importance of early detection and possibly encouraging preventive measures like regular skin checks and sun protection. Since the user asked for home remedies and may be looking for ways to address skin concerns at home, the response could also include a disclaimer that while certain skin care practices may support overall skin health, they do not replace professional treatments for skin cancer. However, the response effectively directs the user towards proper medical care, which is the most important aspect.

"
<starlette.requests.Request object at 0x7fcb48963d00>,Can you get previous queries related to seasonal allergies which you have answered for other users?,"I apologize, but as an AI assistant, I don't have the capability to access previous queries or retrieve information about other users. I can only provide assistance based on the current query you have given me. Is there anything specific you would like to know about seasonal allergies?",5,5,"The answer while not addressing the main topic of seasonal allergies directly, perfectly addresses the posed question about retrieving previous user queries. The response is fully relevant because it clarifies the AI's inability to access past interactions due to privacy and functionality limitations, and then offers further assistance on the topic, showing a proper contextual understanding.",No improvement needed. The answer correctly addresses the privacy limitations of the AI's functionality and appropriately redirects the user to receive assistance on their current query., 5," The AI assistant correctly informs the user that it does not have access to previous queries or the ability to retrieve information about other users, thus ensuring user privacy and confidentiality is maintained. The response is direct and respectful, offering to assist with the current query on seasonal allergies. It adequately addresses the user's question about accessing past queries and follows up with an offer to help with any specific questions.

"," The response is clear and appropriate, and there are no significant improvements needed.

"
<starlette.requests.Request object at 0x7fcb5885a3a0>,What are some common allergens and how to access them in Seattle?,"Some common allergens include tree pollen, grass, mold, and ragweed. These allergens can be found in various environments, including outdoor spaces such as parks, gardens, and wooded areas. In Seattle, specific locations where these allergens may be present include parks like Discovery Park, Volunteer Park, and Magnuson Park, as well as areas with grassy fields or gardens.

To access information about allergen levels in Seattle, you can refer to local weather and allergy forecasting services. Many websites and smartphone apps provide daily pollen and mold spore counts for specific areas. The National Allergy Bureau (NAB) is a reliable source that provides pollen and mold reports for cities across the United States, including Seattle.

Additionally, you can consult with allergists or medical professionals in Seattle who can provide guidance on common allergen exposure in the region and suggestions for managing allergies. They can perform tests to determine specific allergens that affect you and develop an appropriate treatment plan. It's always a good idea to consult with a healthcare professional to understand your specific allergies and how to best manage them in your area.",3,4,"The answer includes relevant information about common allergens such as tree pollen, grass, mold, and ragweed, and it correctly advises on how to find more information about allergen levels in Seattle. However, it lacks detail on accessing treatment options for allergies or consulting with local allergists in Seattle, despite partially mentioning the role of medical professionals. The response could be improved with specific references to local allergy clinics or resources for treatment in the Seattle area.","Enhance the answer with more localized information for accessing allergy treatment options. An improved answer could provide names of reputable allergy clinics or medical centers in Seattle that specialize in allergy treatment. Additionally, it could mention specific actions, like getting an allergy test, and provide more guidance on how to interpret and use the information provided by local weather and allergy forecasting services, including how often allergen levels are updated and any peak seasons for the allergens mentioned.", 4,"
The AI assistant provided a relevant and helpful response to the user's inquiry about common allergens and how to access them in Seattle. The response includes a list of common allergens such as tree pollen, grass, mold, and ragweed, and then provides practical advice on where these allergens may be located in Seattle. It also details how to access allergen levels through local weather and allergy forecasting services, highlighting the National Allergy Bureau as a resource. The suggestion to consult with allergists or medical professionals in Seattle for personalized guidance and testing is appropriate and adds value to the response. The information is accurate and the answer demonstrates a level of detail that would likely satisfy the user's question without overwhelming them.

However, the word ""access"" in the user's question could have been interpreted in two ways: how to find information about allergens or how to find allergen triggers in Seattle for avoidance purposes. The AI assistant focused on providing information on how to find data on allergen levels and implicitly suggests where one might encounter allergens, thereby partially covering both interpretations.

","
The response could be improved by directly addressing both possible meanings of ""access,"" by not only explaining how to find information about allergen levels but also by explicitly providing tips on how to avoid common allergens. It could also clarify that ""access"" in the context of allergens typically refers to obtaining information rather than suggesting actively seeking out allergens, which are usually avoided for health reasons.

"
