number,prompt,answer,score,justification,question_improvement_suggestions,answer_improvement_suggestions
0,"Question: When is the scheduled launch date and time for the PSLV-C56 mission, and where will it be launched from?",The scheduled launch date and time for the PSLV-C56 mission have not been provided.The PSLV-C56 mission is an important space mission for India. It aims to launch a satellite into orbit to study weather patterns.',1,"
- The AI assistant failed to provide the correct date and time for the scheduled launch of the PSLV-C56 mission, even though this information was clearly stated in the context provided. The launch was scheduled for Sunday, 30 July 2023 at 06:30 IST / 01:00 UTC.
- The assistant also did not specify the launch location, which was mentioned in the context as the Satish Dhawan Space Centre, Sriharikota, Andhra Pradesh, India.
- The response did include some relevant information about the mission such as its intent to launch a satellite to study weather patterns, however, the primary question asked for specific details about the launch date, time, and location.

","Ask if there are any updates or changes to the launch schedule to ensure the information requested is the most current., Specify the type of information needed about the mission, such as technical details, objectives, or historical significance, if they are also of interest beyond the launch details.","Include the correct launch date and time for the PSLV-C56 mission as provided in the context: Sunday, 30 July 2023 at 06:30 IST / 01:00 UTC., Mention the launch location as provided in the context: Satish Dhawan Space Centre, Sriharikota, Andhra Pradesh, India., If possible, provide additional relevant information about the mission, such as its specific objectives, and technical details, or its role within ISRO's broader mission goals."
1,Question: What is the objective of the Uzbekistan-Afghanistan-Pakistan Railway Project and how is it expected to enhance trade and logistics efficiency?,The objective of the Uzbekistan-Afghanistan-Pakistan Railway Project is to establish a railway network connecting these three countries. It is expected to enhance trade and logistics efficiency by providing a more efficient and cost-effective mode of transportation for goods and people between these countries.The railway project is funded by international organizations and aims to improve transportation infrastructure in the region.',4,"
- The Assistant correctly identifies the primary objective of creating a direct railway link between Uzbekistan, Afghanistan, and Pakistan, which confirms an understanding of the context provided.
- The Assistant indicates that the project will enhance trade and logistics by providing a more efficient and cost-effective mode of transportation, aligning with the context's information about reducing cargo delivery times and improving trade relations.
- The last sentence mentioning that the project is funded by international organizations adds information not given in the context and does not address how the project will specifically enhance trade and logistics efficiency, which makes it less relevant to the question asked.

","None required; the user's question is clear and specific, covering the project's objectives and its impact on trade and logistics efficiency.","Include specific details from the context such as the expected reduction of cargo delivery times by approximately five days, and the creation of jobs during and post-construction.

Address the transformative effect on the region by mentioning the anticipated strengthening of regional cooperation and contribution to overall economic growth and development in Afghanistan and Pakistan as specified in the context."
2,Question: When was PharmaCann founded and what is its headquarters location?,PharmaCann was founded in 2014.PharmaCann is a leading pharmaceutical company that specializes in medical cannabis products.',3,"
- The answer accurately mentions the year PharmaCann was founded, which is 2014.
- The answer fails to specify the headquarters location, which was requested in the user question and provided in the context (the state of Illinois).
- The second sentence does not directly address the user's question but provides additional information about the company's specialization, which is somewhat relevant.

",Question is adequately specific and clear; no improvement needed.,"Include the headquarters location in the answer by appending: "", and its headquarters is located in Illinois.""
Remove or replace the second sentence with more directly relevant information about the company's presence or operations as it relates to the headquarters."
3,Question: Who directed the film Oppenheimer and who stars as J. Robert Oppenheimer in the film?,"The film Oppenheimer is directed by Christopher Nolan.Oppenheimer is a film about the life of J. Robert Oppenheimer, a renowned physicist who played a key role in the development of the atomic bomb.'",2,"
- The answer correctly identifies Christopher Nolan as the director of the film ""Oppenheimer.""
- The response does not answer the second part of the question regarding who stars as J. Robert Oppenheimer in the film.
- Additional information about the film given in the assistant's answer is relevant but incomplete, as it overlaps with the context provided and does not expand on it with new details.

","Clarify the request for casting information; ""Can you tell me who directed the film 'Oppenheimer' and also who plays the lead role of J. Robert Oppenheimer?""","Include the actor's name who plays J. Robert Oppenheimer; ""Cillian Murphy stars as J. Robert Oppenheimer in the film 'Oppenheimer'."" ,  Expand on relevant details about the film that are not covered in the provided context; for instance, mention the film's genre, release status, or critical reception if available."
4,Question: What is theranostics and how does it combine diagnostic and therapeutic approaches in precision medicine?,"Theranostics is a field of medicine that combines diagnostic and therapeutic approaches in precision medicine. It involves the use of diagnostic tests to identify specific biomarkers or molecular targets in a patient's body, which can then be used to guide the selection of personalized therapies. By integrating diagnostics and therapeutics, theranostics aims to provide more targeted and effective treatments for individual patients.Theranostics is a term used to describe the integration of therapeutics and diagnostics in precision medicine. It aims to provide personalized treatment options based on a patient's specific genetic makeup and disease characteristics.",3,"
- The AI's response clearly defines theranostics as a field that integrates diagnostics with therapeutics in the context of precision medicine, aiming to offer personalized treatment options. It aligns with the context provided in the question.
- The answer provides an effective explanation by including the use of diagnostic tests to identify specific biomarkers or molecular targets that guide personalized therapy selection, which is a concise summary of the essence of theranostics.
- However, the answer could have been more complete by briefly mentioning the relevance of emerging technologies like imaging techniques and targeted drug delivery systems, which are discussed in the context and highly pertinent to theranostics.

[[The response validates the concept of theranostics as a fusion of diagnostic and therapeutic strategies within precision medicine, but it lacks the depth and examples provided in the context.]],  ","Include specifics on which aspects of theranostics the user is most interested in, such as ""Could you elaborate on how theranostics utilizes imaging techniques and targeted therapies?"" to help focus the AI response.","Expand on the role of imaging techniques and targeted therapies, mentioning examples like PET, SPECT, and MRI as outlined in the context. Include brief information on the use of targeted drug delivery systems in theranostics."
5,Question: What is the human climate niche and how is it estimated?,"The human climate niche refers to the range of climatic conditions in which humans can thrive and survive. It includes factors such as temperature, humidity, and precipitation that are suitable for human habitation. Estimating the human climate niche involves analyzing historical climate data, studying the physiological and behavioral adaptations of humans to different climates, and considering the impact of cultural and technological advancements on human adaptability to various climatic conditions.The human climate niche is not well understood and there is ongoing research to estimate it.'",3,"
- The response correctly defines the human climate niche as the range of climatic conditions that can sustain human life and activities such as agriculture.
- The assistant's description of how the human climate niche is estimated partially aligns with the context; however, it focuses too much on general factors like studying physiological and cultural adaptations without mentioning the specific method of calculating population density with respect to mean annual temperature that is provided in the context.
- The response does not directly address the ""bimodal distribution"" aspect mentioned in the context, which is key to understanding the human climate niche as outlined in the user's information.
- The assistant adds that ""The human climate niche is not well understood and there is ongoing research to estimate it,"" a statement that seems unnecessary and a bit out of place given the context provided, which includes specifics about the human climate niche and its estimation.

","Clarify whether you seek a general understanding or specific methods of estimation: ""Can you explain the concept of the human climate niche and the specific methods used to estimate it?"" .","Include the specific method of calculation described in the context: ""The human climate niche is estimated specifically by looking at human population density in relation to mean annual temperatures."" ,  Address the bimodal distribution aspect directly: ""The population distribution is bimodal with peaks at 15 °C and in the range of 20 to 25 °C."" ."
6,"Question: What is the taxonomy of Dasypoda radchenkoi, and what is its relationship to Dasypoda morotei?","The taxonomy of Dasypoda radchenkoi is currently unknown. However, it is believed to be closely related to Dasypoda morotei.Dasypoda radchenkoi is a rare species of bee found in certain regions. It has distinct physical characteristics and behaviors that differentiate it from other species.'",1,"
- The response from the AI incorrectly states that the taxonomy of Dasypoda radchenkoi is currently unknown, which contradicts the context provided that clearly defines its taxonomy. Dasypoda radchenkoi belongs to the genus Dasypoda, subgenus Heterodasypoda.
- The AI also failed to capture the specific relationship between Dasypoda radchenkoi and Dasypoda morotei that is mentioned in the context. It mentions they are closely related, but does not convey the depth of this relationship as described as near cryptic and the specificity that D. radchenkoi is the sister species to D. morotei.
- The AI's message about D. radchenkoi being rare and having distinct characteristics does not add meaningful information to the answer concerning taxonomy and relationship with D. morotei.

","Revise the question to ask for specific taxonomy classification and the precise nature of the relationship to ensure a more focused answer. Example: ""Can you detail the specific taxonomy classification of Dasypoda radchenkoi within the Melittidae family, and describe its exact phylogenetic relationship to Dasypoda morotei?""","Correct the factual inaccuracy by stating the taxonomy is known and including the details that Dasypoda radchenkoi belongs to the genus Dasypoda, subgenus Heterodasypoda. ,  Clarify the relationship by explicitly stating that Dasypoda radchenkoi is a sister species to Dasypoda morotei and explaining what is meant by 'near cryptic' species in the context of their relationship. ,  Remove the inaccurate descriptions of rarity and distinct characteristics, and focus on providing the relevant information requested on taxonomy and relationship."
7,Question: What is the main product of Fremantle Octopus and where is it based?,The main product of Fremantle Octopus is octopus.',2,"
- The answer provided by the AI assistant is very brief and lacks important detail. Although it correctly states that the main product is ""octopus,"" the question asks for more specific information, such as the types of octopus products produced by the company.
- The assistant fails to mention where Fremantle Octopus is based, which is an explicit part of the user's question. Since the context provides the location, omitting this information reduces the completeness and usefulness of the response.

","Consider specifying the type of information about the product you are interested in, such as ""What types of octopus products does Fremantle Octopus specialize in?""","Expand on the types of octopus products Fremantle Octopus produces, mentioning frozen raw tentacles, steamed tentacles, and marinated octopus. ,  Include the location of Fremantle Octopus by stating it is based in Fremantle, Western Australia."
8,Question: Who is the Managing Director of FoodFutureCo and what are some of her accomplishments in the food industry?,The Managing Director of FoodFutureCo is Shen Tong.',1,"
- The information provided by the Assistant is incorrect. The context clearly states that the Managing Director of FoodFutureCo is Gigi Lee Chang, not Shen Tong. 
- The Assistant also failed to provide any details about Gigi Lee Chang's accomplishments in the food industry, which was part of the user's question.

","None needed, the user's question is clear and specific, requesting information about a named individual's current role and her contributions to the industry.","Correct the factual error by stating that Gigi Lee Chang, not Shen Tong, is the Managing Director of FoodFutureCo. 
 Include notable accomplishments such as founding Plum Organics, serving as CEO of Healthy Child Healthy World, advising nonprofit B Lab, and being profiled by Forbes as one of the women leading the future of food."
9,Question: What was the purpose of designing and building the Fiat Ecobasic concept car?,The purpose of designing and building the Fiat Ecobasic concept car was to explore and showcase innovative technologies and design concepts for a more environmentally friendly and fuel-efficient vehicle.The Fiat Ecobasic concept car was showcased at an international auto show and received positive reviews from car enthusiasts.',3,"
- The response accurately states that the purpose of the Fiat Ecobasic concept car was to showcase innovation towards environmentally friendly and fuel-efficient vehicles.
- However, the answer could be enhanced by including specific information from the context provided, such as the use of recyclable composite materials and the goal of ultra-low production and operating costs.
- The answer would also benefit from acknowledging that the concept was to prove it was possible to transport four adults using these innovative and environmentally friendly approaches.

","Include specifics about the type of advancements or innovations the user is interested in, such as materials, design, or cost efficiency to guide a more direct response .","Explicitly mention the use of fully recyclable composite materials, the achievement of ultra-low production and operating costs, and the capability to transport four adults as key design goals ,  Acknowledge that the car achieved homologation according to Euro NCAP standards and mention the practical features like the front grille design for easy access to car fluids and terminals ."
10,"Question: What is the purpose of the Rainbow Plaque programme in the UK, and how does it compare to other plaque programmes?","The purpose of the Rainbow Plaque programme in the UK is to commemorate and celebrate the lives and achievements of LGBTQ+ individuals. It aims to recognize their contributions to society and promote inclusivity. \n\nIn comparison to other plaque programmes, the Rainbow Plaque programme specifically focuses on LGBTQ+ individuals and their impact.'",3,"
- The assistant adequately describes the purpose of the Rainbow Plaque programme as commemorating and celebrating the lives and achievements of LGBTQ+ individuals and promoting inclusivity.
- However, the assistant does not provide a detailed comparison between the Rainbow Plaque programme and other plaque programmes. It could have expanded on how the Rainbow Plaques are similar or different from other programmes, such as the materials, colors, history, and selection criteria.
- The answer is partially complete as it starts addressing the user's question but lacks depth in the comparison section that was specifically requested by the user.

","Provide a more targeted question, such as asking for specific differences between the Rainbow Plaque programme and other UK plaque programmes to focus the AI's response on the comparison element. ,  Clarify by mentioning ""such as the blue plaques by English Heritage"" to reference a specific well-known programme for comparison.","Include specific details comparing the Rainbow Plaques to other programmes, such as English Heritage's blue plaques, in terms of selection criteria, historical significance, and physical design (materials and colors). ,  Expand on the history and impact of plaque programmes in general and how the Rainbow Plaque programme fits within this context, emphasizing its unique contributions to cultural heritage."
11,Question: What is the Zubaydah Trail and when was it constructed?,"The Zubaydah Trail is a network of roads and tunnels in Afghanistan that was constructed during the early 2000s.The Zubaydah Trail is a popular hiking trail in the United States, located in the state of Colorado. It was constructed in the 1970s and offers stunning views of the surrounding mountains.'",1,"
- The answer provided by the AI assistant does not match the context given. The context describes the Zubaydah Trail as an ancient pilgrimage route in the Arabian Peninsula, whereas the AI incorrectly identifies it as a network of roads and tunnels in Afghanistan and as a hiking trail in the United States.
- The AI assistant's answer includes inaccurate information about the construction dates and locations of the Zubaydah Trail, failing to acknowledge the correct historical period between 132 AH (750 CE) and 656 AH (1258 CE) during which the trail actually existed.

","Clarify the question by specifying the region of interest to avoid potential confusion with other trails that might have similar names. For example: ""What is the historical Zubaydah Trail located in the Arabian Peninsula, and when was it constructed?""","Provide accurate information aligned with the historical context of the Zubaydah Trail in the Arabian Peninsula rather than unrelated locations. ,  Mention the correct timeframe the trail was constructed during the Abbasid Caliphate, specifically between 132 AH (750 CE) and 656 AH (1258 CE)."
12,"Question: When was the Chimnabai Clock Tower completed, and who was it named after?",The Chimnabai Clock Tower was completed in 1878.The Chimnabai Clock Tower is a beautiful landmark in the city.',1,"
- The completion date provided by the AI is incorrect. According to the context, the correct year the Chimnabai Clock Tower was completed is 1896, not 1878.
- The AI does not answer the second part of the question, which asks who the tower was named after. The correct answer is Chimnabai I, the first wife of Sayajirao Gaekwad III of Baroda State.
- The AI's response offers irrelevant commentary (""a beautiful landmark in the city"") which does not address the user's question about historical details and naming.

",No improvement needed as the question is clear and specific.,"Correct the completion date of Chimnabai Clock Tower to 1896. 
 Include the information that the tower was named after Chimnabai I, the first wife of Sayajirao Gaekwad III. 
 Refrain from adding subjective commentary that does not address the historical details requested by the user."
13,"Question: When did Trolleybus Route 20 in Shanghai start its operations, and what landmarks does it pass by?",Trolleybus Route 20 in Shanghai started its operations in the early 1950s.Trolleybus Route 20 in Shanghai is a convenient mode of transportation for locals and tourists alike.',1,"
- The AI incorrectly states that Trolleybus Route 20 in Shanghai started its operations in the early 1950s, when the context explicitly mentions that the route opened on 27 September 1928.
- The AI does not list any specific landmarks that the route passes by, which were requested in the question and are detailed in the provided context.

","Consider specifying ""key landmarks"" if only the most prominent ones are of interest, to help focus the AI’s response.","The AI must provide the correct starting date as mentioned in the context: 27 September 1928. ,  Include a list of specific landmarks that the route passes by, prioritizing major ones if the full list is too long to include."
14,"Question: When did the Inter Expo Center in Sofia, Bulgaria open, and how has it been expanded over the years?","The Inter Expo Center in Sofia, Bulgaria opened in 2001.Sofia is the capital of Bulgaria and is known for its rich history and beautiful architecture.'",2,"
- The response correctly states the year the Inter Expo Center opened, which is accurate and relevant to the user's question.
- The answer begins to address the expansion history, but it is incomplete and abruptly ends without giving details about the expansions that took place over the years.
- There is redundant information about Sofia being the capital of Bulgaria and having rich history and beautiful architecture, which is not relevant to the question regarding the expansion history of the Inter Expo Center.

",Clarify whether you're interested in both the opening date and a detailed timeline of expansions or just highlights of major expansions.,"Include a concise timeline of the center's expansions, citing years and describing what was added or renovated, such as the 2003 addition of a congress center and an exhibition hall, the 2008 expansion, and the 2019 renovations. Remove the irrelevant details about Sofia’s historical and architectural significance."
15,"Question: When did Pope Benedict XVI become the head of the Catholic Church and sovereign of the Vatican City State, and when did he resign?","Pope Benedict XVI became the head of the Catholic Church and sovereign of the Vatican City State on April 19, 2005. However, I do not have information on when he resigned.Pope Benedict XVI was born on April 16, 1927, in Germany.'",2,"
- The response accurately provides the date when Pope Benedict XVI became the head of the Catholic Church and sovereign of the Vatican City State, which is April 19, 2005.
- The AI assistant fails to provide the date of Pope Benedict XVI's resignation, which is within the context given. His resignation date was February 28, 2013, and this is a key part of the user's question.
- An unrelated detail about Pope Benedict XVI's birth is added, which is not relevant to the question asked.

",The user's question is clear and concise and does not require any improvements.,"Include the date of Pope Benedict XVI's resignation as it was part of the user's question. 
 Omit extraneous information about Pope Benedict XVI's birth, as it was not relevant to the user's question regarding specific dates of becoming head of the Catholic Church and resignation."
16,"Question: What caused the crash of Yeti Airlines Flight 691 in Pokhara, Nepal?","The crash of Yeti Airlines Flight 691 in Pokhara, Nepal was caused by a combination of factors.Yeti Airlines is a popular airline in Nepal that offers flights to various destinations.'",1,"
- The AI assistant's answer begins to address the question about the cause of the crash of Yeti Airlines Flight 691 but fails to provide any specific details or factors, despite the rich context given.
- Without providing relevant findings from the context, such as technical issues and the specific sequence of events leading up to the crash, the answer is uninformative and incomplete.
- Mentioning that Yeti Airlines is a popular airline in Nepal is irrelevant to the cause of the crash, indicating a lack of focus on the actual question posed by the user.

",None. The user's question is clear and directly asks for the cause of a specific event.,"- Include specifics from the investigation report regarding the technical issues, such as the aircraft's propellers having been feathered leading to a lack of thrust and ultimately a stall. 
- Omit irrelevant information about Yeti Airlines' popularity and focus strictly on providing a concise summary of the factors that led to the crash as reported in the provided context."
17,Question: How does the height and thrust of the Starship rocket compare to other rockets?,The height and thrust of the Starship rocket are significantly larger compared to many other rockets currently in operation.The Starship rocket is made of stainless steel and is designed for long-duration space travel.',2,"
- The answer provided by the AI assistant lacks the specific comparison requested in the user's question. The user asked for a comparison of the height and thrust of the Starship rocket to other rockets, but the AI assistant only mentioned that Starship is ""significantly larger"" without providing actual figures or comparisons to specific rockets such as the Saturn V or the Space Launch System (SLS).
- Additionally, the AI assistant briefly mentioned the construction material (stainless steel) and intended use (long-duration space travel), but this does not relate directly to the comparative information sought about height and thrust.

","Add specificity to the comparison, e.g., ""Can you compare the height and thrust of SpaceX's Starship with the Saturn V and NASA's Space Launch System in terms of specific figures?"" ,","Provide exact figures contrasting the height and thrust of Starship with those of the Saturn V, SLS, and any other relevant rockets., Mention the height of Starship (120 metres or 394 feet) and its thrust, comparing them directly to the thrust and height of Saturn V and SLS, using data provided in the context."
18,"Question: What is the Kyzylkum Desert known for in terms of its natural resources, and what are some of the major industrial enterprises in the region?","The Kyzylkum Desert is known for its rich deposits of natural resources, particularly gold and uranium. It is one of the largest sand deserts in the world.'",2,"
- The Assistant's answer begins by identifying gold and uranium as natural resources found in the Kyzylkum Desert but fails to mention other resources listed in the context, such as copper, aluminum, silver, natural gas, and oil.
- The Assistant's answer does not address the second part of the user's question regarding major industrial enterprises in the region, which are mentioned in the context, including the Navoi Mining and Smelting Complex and the Uzbek-U.S.A. Joint Venture ""Zarafshan-Newmont.""
- The answer provided is incomplete, lacking detail and specificity required by the user's question.

",Ensure the question specifies the need for a comprehensive list of natural resources and major industrial enterprises for a complete answer.,"Include copper, aluminum, silver, natural gas, and oil when listing the natural resources found in the Kyzylkum Desert. ,  Mention the major industrial enterprises such as the Navoi Mining and Smelting Complex and the Uzbek-U.S.A. Joint Venture ""Zarafshan-Newmont,"" providing brief descriptors of their activities."
19,"Question: When will the 80th annual Venice International Film Festival take place, and who will serve as the festival's opening film?","The 80th annual Venice International Film Festival is scheduled to take place in September. However, I do not have information about the specific dates or the opening film for the festival.The Venice International Film Festival is one of the oldest film festivals in the world and showcases a wide range of international films.'",1,"
- The AI assistant's answer fails to provide the specific dates for the festival, which are clearly stated in the context as ""from 30 August to 9 September 2023.""
- The answer also does not correctly identify the festival's opening film. The context states that ""Comandante,"" directed by Edoardo De Angelis, will serve as the opening film on 30 August.

","Clarify if you are asking for the festival's start date or the specific date of the opening film premiere. ,  Ensure the question is structured to elicit a response that includes both the dates of the festival and the title of the opening film for clarity.","Include the specific dates provided in the context: ""from 30 August to 9 September 2023."" ,  Correctly identify ""Comandante"" as the opening film and mention that it is directed by Edoardo De Angelis."
20,"Question: Where is Myosotis angustata endemic to, and what is its conservation status?",Myosotis angustata is endemic to New Zealand.Myosotis angustata is a beautiful flower with blue petals.',1,"
- The assistant correctly identifies that Myosotis angustata is endemic to New Zealand, but fails to specify that it is endemic to the South Island of New Zealand, as mentioned in the context.
- The second part of the assistant’s answer incorrectly describes Myosotis angustata as having blue petals when, according to the context, the flower has white corollas. Additionally, the assistant does not provide the conservation status of the species, which was also requested in the user's question.

",Specify the geographic region within New Zealand if precise endemic information is desired.,Correct the petal color to white as per the context and include the specific conservation status as 'Threatened – Nationally Critical' to fully address the user's question.
21,Question: Where is Mount Brown located and what is its elevation?,Mount Brown is located in New Zealand.Mount Brown is a popular hiking destination with stunning views.',1,"
- The user's question asks for the location and elevation of Mount Brown, but the provided answer is incorrect since it states that Mount Brown is located in New Zealand, which conflicts with the information in the context that specifies its location in Liberty County, Montana, United States.
- The assistant's answer also mentions that ""Mount Brown is a popular hiking destination with stunning views,"" which is irrelevant information and does not address the question about the elevation of Mount Brown at all.

",The user's question is clear and requests specific information; no improvements needed.,"Replace the incorrect location information with the correct one provided in the context: ""Mount Brown is located in Liberty County, Montana, United States."" 
 Provide the elevation of Mount Brown as requested: ""Its elevation is 6,958 feet (2,121 meters)."" 
 Omit irrelevant information about popularity and views, as this was not requested by the user."
22,Question: Where is the type locality of the Laoshan tree frog and what is its size?,"The type locality of the Laoshan tree frog is in Laoshan, China. The Laoshan tree frog is a nocturnal species that feeds on insects and small invertebrates.'",2,"
- The assistant correctly mentions that the type locality of the Laoshan tree frog is in Laoshan, China, which aligns with the context provided.
- The answer is partially incomplete as it does not provide the exact altitude of the type locality nor does it address the specific size of the frog as requested by the user's question. The context clearly states the elevation of 1389 meters and the snout-vent length of about 35 mm, which should have been included in the response.
- The additional information about the frog being nocturnal and feeding on insects and small invertebrates is not directly related to the question asked, although it does provide relevant general information about the species.

","Clarify the meaning of ""size"" to ensure the response addresses the specific measurement of interest, such as ""What is the snout-vent length of the Laoshan tree frog?"".","Include the precise altitude of the type locality by stating ""The type locality of the Laoshan tree frog is 1389 meters above sea level in Cenwangloashan Nature Reserve in China."",  Specify the size of the Laoshan tree frog by including the measurement ""The adult Laoshan tree frog measures about 35 mm in snout-vent length."" ."
23,"Question: When was the Roanoke and Tar River Railroad fully merged into the Seaboard Air Line Railway network, and what happened to the line after that?","The Roanoke and Tar River Railroad was fully merged into the Seaboard Air Line Railway network in 1900. After the merger, the line continued to operate as part of the Seaboard Air Line Railway network.The Roanoke and Tar River Railroad was a historic railway line that operated in North Carolina. It was known for its scenic route and played a significant role in the transportation of goods and passengers during its operation.'",1,"
- The AI assistant provided the incorrect date for the full merger of the Roanoke and Tar River Railroad into the Seaboard Air Line Railway network; the correct date is 1911, not 1900.
- The second part of the answer is too generic and does not detail the specific historical developments of the line post-merger, such as its merge into the Seaboard Air Line, subsequent mergers, and the abandonment and sale of portions of the line. The context provides a detailed history which is omitted in the assistant's response.

","Expand the question to clarify what specific information about the post-merger history is being sought, such as changes in operation, ownership, and the current status of the line.","Correct the merger date to 1911 instead of 1900. Include specific events that happened to the line after the merger, such as the merger with the Atlantic Coast Line Railroad, forming the Seaboard Coast Line Railroad, and the eventual abandonment and sale of parts of the line."
24,Question: What organizations has Moud Goba been involved with and what is her current role at UK Black Pride?,"Moud Goba has been involved with various organizations, but her current role at UK Black Pride is not mentioned.Moud Goba is a well-known activist in the LGBTQ+ community and has been involved in various social justice movements.'",1,"
- The Assistant's answer is incorrect in stating that Moud Goba's current role at UK Black Pride is not mentioned, as the context clearly states she is the chair of their board of directors.
- The Assistant's answer lacks detail and does not provide the specific names of the organizations with which Moud Goba has been involved, despite this being explicitly available in the context provided.

","Consider splitting the question into two parts for clarity: ""What organizations has Moud Goba been involved with?"" and ""What is Moud Goba's current role at UK Black Pride?""","Correct the factual error by acknowledging Moud Goba's current role as the chair of the board of directors at UK Black Pride. ,  Include the specific names of organizations she has been involved with, such as founding UK Black Pride, working at Micro Rainbow International, and setting up Gay Afrika."
25,"Question: What is the purpose of the Modernizing Opioid Treatment Access Act, and how does it aim to expand access to methadone for patients with opioid use disorder?",The purpose of the Modernizing Opioid Treatment Access Act is to expand access to methadone for patients with opioid use disorder. It aims to do this by implementing various measures such as removing the requirement for patients to visit a clinic daily for methadone treatment and allowing qualified healthcare providers to prescribe methadone for opioid use disorder treatment in an office-based setting.Methadone is a medication used to treat opioid addiction. It works by reducing withdrawal symptoms and cravings. The Modernizing Opioid Treatment Access Act aims to improve access to methadone for patients with opioid use disorder.',5,"
- The AI accurately summarizes the purpose of the Modernizing Opioid Treatment Access Act, which is to expand access to methadone for patients with an opioid use disorder (OUD).
- The AI describes the specific measures the act proposes, such as allowing healthcare providers to prescribe methadone and enabling patients to receive methadone outside of the traditional clinic setting.
- The response is concise, directly addressing the question, and it provides relevant context about methadone's role in treating opioid addiction.

",None needed; the question is clear and specific.,"-  Provide examples of the new settings where methadone could be dispensed aside from opioid treatment facilities, such as pharmacies, as mentioned in the context. 
-  Mention the proposed legislative changes during the COVID-19 pandemic and connect them to the broader objectives of the Modernizing Opioid Treatment Access Act."
26,"Question: When and where did Gaucho Americano have its world premiere, and when was it commercially released in Chilean theaters?","Gaucho Americano had its world premiere in 2016, but I do not have information about the specific date and location. Additionally, I do not have information about the commercial release of the film in Chilean theaters.Gaucho Americano is a critically acclaimed film that received positive reviews from audiences and critics alike.'",1,"
- The AI's answer presents incorrect information about the world premiere date of ""Gaucho Americano,"" as the correct year was 2021, not 2016.
- The AI fails to provide the specific date and location of the world premiere which is available in the context (April 29, 2021, at the Hot Docs Canadian International Documentary Festival).
- The AI does not provide accurate information on the commercial release date in Chilean theaters, which is mentioned in the context as September 8, 2022.

",The question can be made more concise by eliminating redundant information.,"The response should provide accurate date information based on the context provided, correcting the year of the world premiere. 
 The answer should include the specific location of the world premiere and the commercial release details in Chile as provided in the context. 
 The response should not include unsolicited additional comments about the film's reception when not asked for."
27,Question: Where is the type locality of the Blakistonia plata spider and what is the significance of its specific epithet?,"The type locality of the Blakistonia plata spider is in a specific region, but I cannot provide the exact location. As for the significance of its specific epithet, it may refer to a characteristic or feature of the spider, but I do not have that information.The Blakistonia plata spider is a nocturnal species that primarily feeds on insects and small arthropods.'",1,"
- The Assistant neglects to mention the type locality, Texas, near Goondiwindi in the Darling Downs region of south-east Queensland, which is directly provided in the context.
- The Assistant incorrectly states it cannot provide the exact location of the type locality and claims not to have information on the significance of its specific epithet, even though both pieces of information are available in the context.
- The Assistant adds unrelated information about the general habits of spiders, suggesting that the Blakistonia plata is nocturnal and feeds on insects and small arthropods without any reference to that effect in the context provided.

","No improvements needed, the question is clear and asks for specific information.,","Provide the exact type locality of Blakistonia plata by mentioning Texas, near Goondiwindi in the Darling Downs region of south-east Queensland as stated in the context., Clarify the significance of the specific epithet 'plata' by explaining that it alludes to the local silver mining industry, as per the provided context., Omit irrelevant information about the spider's habits unless it is supported by the context provided.."
28,"Question: How many teams participate in the Turkish Women's Football Super League, and what is the format of the league?","The Turkish Women's Football Super League consists of 12 teams. However, I do not have information about the format of the league.The Turkish Women's Football Super League is a professional football league in Turkey.",1,"
- The Assistant's response about the number of teams that participate is outdated and incorrect, as it provides the figure for a previous season. According to the context given, in the 2022-23 season, there is one group of 10 teams and one group of nine teams.
- The Assistant's answer fails to correctly describe the format of the league for the 2022-23 season, which involves two groups playing a double round robin and finals to decide a champion, who then qualifies for the UEFA Women's Champions League.
- The answer provided lacks the necessary detail as indicated in the context without reference to the key elements of the current season's structure or mentioning the two separate groups.

",The question is well-formulated and detailed enough to elicit specific information about the Turkish Women's Football Super League. No improvements needed.,"The response should be updated with the accurate number of teams for the current season as mentioned in the context, which is one group of 10 teams and one group of nine teams.
The answer should include a comprehensive description of the league format, explaining the double round robin and finals process for the 2022-23 season as well as the Champions League qualification for the winning team."
29,"Question: Who is buried in the Tomb of Alexander Stewart, and what is the condition of the tomb?","The Tomb of Alexander Stewart is believed to be the final resting place of Alexander Stewart. However, I do not have information about the current condition of the tomb.The Tomb of Alexander Stewart is located in Scotland. It is a historical site that attracts many visitors every year.'",2,"
- The answer correctly identifies Alexander Stewart, also known as the Wolf of Badenoch, as the individual buried in the Tomb of Alexander Stewart.
- The response does not address the specific part of the user's question regarding the condition of the tomb, despite that information being available in the context.
- The assistant's answer seems cut off and incomplete, lacking details about the tomb's condition that the user asked for.

","Clarify the aspect of ""condition"" in the question to specify whether it refers to the physical state, preservation efforts, or accessibility to the public., Include a timeframe if the user is interested in a current versus historical perspective on the tomb's condition.","Provide detailed information on the physical state of the tomb, including the effigy and altar tomb, as mentioned in the context., Ensure the response is complete and not cut off, covering all aspects of the user's question regarding who is buried and the condition of the tomb."
30,"Question: When was the 5th Separate Guards Tatsin Red Banner Order of Suvorov Tank Brigade formed, and what is its military unit number?",The 5th Separate Guards Tatsin Red Banner Order of Suvorov Tank Brigade was formed on a date that I do not have information about. Tanks are armored vehicles used in warfare. They are equipped with weapons and are used for offensive and defensive purposes.',1,"
- The AI assistant failed to provide the specific formation date of the 5th Tank Brigade, even though this information is clearly stated in the provided context as being formed in 2009. This is a crucial piece of information in direct response to the user's question.
- The AI assistant did not provide the military unit number of the brigade, which was another specific element of the user's question and is also mentioned in the provided context (military unit number is 46108).
- The additional information about the general nature of tanks is not relevant to the user's question, showing a lack of focus on the specific details requested.

","The question is clear and specific, no improvements necessary.","The answer should include the formation date of the brigade from the context, specifically 2009. ,  The answer must provide the military unit number, which is 46108, as requested in the question. ,  Omit irrelevant information about the generic function of tanks to focus on the specifics of the 5th Tank Brigade as queried. ."
31,"Question: How long did the Siege of Mariupol last, and what was the outcome?","The Siege of Mariupol lasted for several months, but I do not have the exact duration. As for the outcome, I am not aware of the specific details.Mariupol is a city in Ukraine with a population of around 500,000 people. It is located on the coast of the Sea of Azov.'",1,"
- The AI assistant's response is inaccurate; it failed to provide specific information on the duration and outcome of the Siege of Mariupol, despite these being stated in the provided context.
- The AI mentioned not knowing the exact duration or specific details of the outcome, yet this information was clearly stated in the context: the siege began on 24 February 2022 and ended on 20 May 2022 with Russian forces taking control of the city.
- Providing basic information about the city's location and population does not respond directly to the user's question about the duration and outcome of the siege.

","Add precision to your question by specifying a particular aspect of the outcome you are interested in, for example, the impact on civilians or the military strategy involved. ,  Ensure that relevant context is included if necessary to clarify the focus of your question, such as the international response or the strategic significance of Mariupol.","The response must directly address the specific dates of the duration of the siege, as indicated in the context, by stating that the Siege of Mariupol began on 24 February 2022 and lasted until 20 May 2022. ,  The answer should provide details on the outcome by mentioning the city fell under the control of Russian forces and the surrender of all Ukrainian troops at the Azovstal Iron and Steel Works. ."
32,"Question: Which countries and international organizations have imposed sanctions against Russia and Crimea, and what were the reasons for these sanctions?","Several countries and international organizations have imposed sanctions against Russia and Crimea. Some of the countries that have imposed sanctions include the United States, European Union member states, Canada, Australia, and Japan.Russia is the largest country in the world by land area, spanning across Eastern Europe and northern Asia.",2,"
- The AI assistant begins to address the user's question by listing several countries and international organizations that imposed sanctions against Russia and Crimea, which is relevant to the question asked.
- The AI's response, however, does not elaborate on the reasons for the sanctions, which was a critical aspect of the user's question. The information is incomplete without the context of why these sanctions were enacted.
- Additionally, the inclusion of a fact about Russia being the largest country in the world by land area does not contribute to answering the question and seems out of context.

","Modify the question to focus on just the list of countries and organizations or the reasons for sanctions, to avoid making it overly broad. ,  Clarify if the question is about recent sanctions or historical ones as well.","Include a summary of the key reasons for the sanctions to provide context, as requested in the question. ,  Remove irrelevant facts like Russia's size that do not answer the user's query."
33,Question: What factors contributed to the Sri Lankan economic crisis?,There were several factors that contributed to the Sri Lankan economic crisis.Sri Lanka is known for its beautiful beaches and rich cultural heritage.',1,"
- The response is incomplete and cut off abruptly after the first sentence without elaborating on the contributing factors of the Sri Lankan economic crisis.
- The addition of unrelated information about Sri Lanka’s beaches and cultural heritage does not contribute to answering the user's question about the economic crisis.
- The answer lacks the depth and detail necessary to accurately inform the user of the various factors that led to the economic crisis.

",The question is clear and relevant to the provided context; no improvement needed.,"- Provide a comprehensive summary of the contributing factors outlined in the context, such as the tax cuts, money creation, external debt accumulation, and the impact of specific events like the Easter bombings and COVID-19 pandemic.
- Avoid including unrelated information that does not address the economic crisis or offer insight into the factors behind it.
- Ensure completeness by offering insight into how these factors interplayed to push Sri Lanka into an economic crisis, and avoid abruptly ending the answer."
34,"Question: How many people were killed and injured in the 2022 Hormozgan earthquakes, and what was the maximum intensity of the earthquakes?",I can provide information about the maximum intensity of the earthquakes.Earthquakes are natural disasters that occur due to the movement of tectonic plates. They can cause significant damage to buildings and infrastructure.',1,"
- The AI assistant's response begins with a general statement about earthquakes, which does not specifically address the question asked.
- The AI assistant fails to provide the requested numbers for casualties and injuries, and does not mention the maximum intensity of the earthquakes, which were explicitly asked for in the question.

","Clarify that specific details are sought by emphasizing the numerical data and the maximum intensity., Inquire if there have been any updates to the statistics since the event occurred.","Directly provide the number of casualties and injuries: ""Seven people were killed and 111 others were injured in the 2022 Hormozgan earthquakes."", State the maximum intensity: ""The maximum intensity of the earthquakes was VII (Very strong)."" Include these figures at the beginning of the response for clarity."
35,"Question: How many people were killed and injured in the mass shooting during the Independence Day parade in Highland Park, Illinois?","I'm sorry, but I couldn't find any information about a mass shooting during the Independence Day parade in Highland Park, Illinois.The Independence Day parade in Highland Park, Illinois is a popular event that attracts thousands of spectators every year.",1,"
- The assistant's response is incorrect; it does not provide the number of people killed or injured in the mass shooting, despite the context clearly stating that seven people were killed and 48 others were wounded.
- The assistant claims it could not find any information on the event, which is incorrect given that the necessary information was presented in the provided context.
- Instead of stating accurate information from the context, the assistant provides unrelated and unrequested general information about the popularity of the parade.

","Ensure that the question includes a specific date or year to help the AI understand the exact event being asked about, even when context is provided.","Directly address the user's question by reporting the exact number of casualties as disclosed in the provided context. 
 Do not include incorrect or misleading statements such as an inability to find information when it is clearly available in the context. 
 Avoid introducing unrelated general information about the event when such information is not requested in the question."
36,Question: What are some of the controversies surrounding Uber?,"Some of the controversies surrounding Uber include issues related to safety and security, labor rights, surge pricing, and regulatory concerns.Uber was founded in 2009 and is available in over 900 metropolitan areas worldwide.'",1,"
- The answer does not mention or address any of the specific controversies provided in the extensive context, such as evasion of local regulations, allegations of sabotage against competitors, wage disputes, sexual harassment allegations, or data breaches.
- The answer lacks depth and detail, providing only generic categories of controversies without elaboration or examples that are relevant to the context given.
- The final sentence about Uber's availability is factual but not relevant to the question about controversies.

",No improvements needed for the question. It is clear and directly addresses the topic of interest.,"Include specific examples of controversies such as Uber's evasion of local regulations, using the ""Greyball"" software to avoid law enforcement, wage disputes, sexual harassment claims, and data breaches as detailed in the provided context.
Remove the irrelevant information about Uber's founding year and availability, and focus exclusively on addressing the controversies mentioned in the question.
Elaborate on each controversy by providing at least one line of explanation on its impact on Uber's reputation or operations, to add depth to the answer."
37,Question: What was the estimated timeline for fully restoring power in Moore County after the shooting attack on the electrical distribution substations?,The estimated timeline for fully restoring power in Moore County after the shooting attack on the electrical distribution substations was not provided.Moore County is known for its beautiful landscapes and friendly community.',1,"
- The initial part of the Assistant's answer claiming that the estimated timeline for fully restoring power was not provided is inaccurate. According to the context, initial estimates were that up to four days could be required to fully restore power in the area.
- After stating that the timeline was not provided, the Assistant's answer ends with an irrelevant comment about Moore County's beautiful landscapes and friendly community, which does not address the question asked.

",No improvement needed; the question is clear and specific.,"The Assistant should accurately reference the context provided, stating the initial estimates of up to four days for power restoration.
Remove irrelevant information about the county's landscapes and community, and focus on providing relevant details about the power restoration efforts and their progress."
38,"Question: What caused the ethnic violence in Manipur in 2023, and what were the consequences of the violence?","Manipur is a state in northeastern India known for its rich cultural heritage and natural beauty. It is home to various ethnic groups and has faced some instances of violence in the past. The ethnic violence in Manipur in 2023 was caused by a combination of factors, including long-standing tensions between different ethnic groups, political disputes, and economic disparities. However, it is important to note that the exact causes and consequences of the violence are complex and multifaceted.'",1,"
- The assistant failed to specifically address the direct cause of the ethnic violence in 2023, which, according to the context provided, was the order by a High Court for the state government to recommend Scheduled Tribe status for the Meitei community.
- The response does not mention any direct consequences that resulted from the ethnic violence, which  included the deaths of 142 people, more than 300 wounded, and approximately 54,488 displaced.
- The answer is generic, lacks detail, and fails to incorporate the rich background information provided in the context to offer a comprehensive answer to the question asked.

","Include key specific events or factors mentioned in the context that may have influenced the ethnic violence in the question., Refine the question to ask for particular details or consequences you want to know about, such as the impact on certain communities or the response by government entities.","Directly specify the High Court’s order regarding ST status for the Meitei and the subsequent mass rallies by the Kuki people as the immediate causes of the violence., Detail the consequences of the violence, such as the number of deaths, injuries, displacement, and the effect on women and children., Incorporate information regarding the government's actions and public statements that exacerbated the tensions between the Meitei and the Kuki people."
39,Question: What was the size and payload of the Chinese balloon that was spotted in North American airspace?,The size of the Chinese balloon was 10 feet in diameters.,1,"
- The size given by the AI assistant, 10 feet in diameter, is incorrect according to the context provided, which states that the balloon's diameter was 148 feet based on reports from Synthetaic using Planet Labs spacecraft data, and the payload was estimated to be the size of ""two or three school buses"".
- The AI assistant failed to mention critical details about the payload, such as the ""technology bay,"" the 16 solar arrays mounted, and the weight of more than 2,000 pounds as estimated by U.S. General Glen D. VanHerck.
- The answer provided was incomplete and lacked the necessary depth and accurate information to correctly respond to the user's question about the size and payload of the Chinese balloon.

","Consider rephrasing to ""What were the dimensions and specific capabilities of the payload for the Chinese surveillance balloon observed in North American airspace in early 2023?"" ,  Include specific references to the timeframe or incident to avoid any possible confusion with past incidents .","The response should include the accurate measurement of the balloon's diameter at 148 feet and a description of the payload size, which was analogous to two or three school buses ,  Include additional details such as the presence of the ""technology bay"", the sixteen solar arrays mounted on the payload, and the weight estimation of over 2,000 pounds, as reported by U.S. General Glen D. VanHerck ."
40,"Question: What were the temperatures and snowfall amounts during the cold snap in Afghanistan in January 2023, and how many people and livestock were affected?","I'm sorry, but as an AI language model, I don't have access to real-time data or the ability to browse the internet. Therefore, I cannot provide specific information about the temperatures, snowfall amounts, or the number of people and livestock affected during the cold snap in Afghanistan in January 2023. It would be best to refer to reliable news sources or official reports for accurate and up-to-date information on this topic.The cold snap in Afghanistan in January 2023 was caused by a polar vortex, which is a large area of low pressure and cold air. It resulted in freezing temperatures and significant snowfall.",1,"
- The AI assistant failed to use the context provided to answer the user's question. The information requested (temperatures and snowfall amounts during the cold snap, and the number of people and livestock affected) was clearly given in the context.
- Instead of providing the requested details which were already available, the AI gave a generic response about its limitations and suggested referencing external sources for information. This was unnecessary and not helpful since the required information could be found in the context.
- Additionally, the AI mistakenly mentioned a polar vortex being the cause of the cold snap which was not specified in the context, adding potentially inaccurate information.

",No improvements needed; the user's question is specific and clear.,"The AI should directly answer the question using the facts provided in the context about temperatures, snowfall, and the impact on people and livestock. 
 The AI should avoid stating its limitations regarding real-time data access when the relevant information is already given in the context. 
 The AI should refrain from introducing information (e.g., the cause of the cold snap as a polar vortex) not present in the context, to maintain accuracy."
41,Question: When was GPT-4 released and what are some of its capabilities?,GPT-4 was released last year. It is a computer program that can perform basic calculations and store data.,1,"
- The assistant's response incorrectly states that GPT-4 was released ""last year,"" contradicting the context provided which states GPT-4 was released on March 14, 2023.
- The capabilities described by the assistant are inaccurate and fail to capture the extensive features of GPT-4 as detailed in the context. Specifically, GPT-4 is capable of handling nuanced instructions, supporting a multimodal input (including images and text), generating text in a variety of styles through system messages, and interacting with external interfaces, none of which are mentioned in the assistant's answer.

","Add specificity to pinpoint certain capabilities of interest to avoid a too broad question ,  Request current year in the question to prevent outdated responses .","Provide the correct release date as per the given context ,  Include a brief description of key capabilities such as the aptitude on standardized tests, multimodal input functionality, and improvements over previous models ."
42,"Question: What is the current status of the Myanmar civil war, and how many people have been internally displaced since the coup?","The current status of the Myanmar civil war is complex and evolving. Since the military coup in February 2021, there has been widespread unrest and resistance from the civilian population. Armed ethnic groups have also been involved in clashes with the military forces. However, it is challenging to provide a comprehensive and up-to-date assessment of the situation due to limited access to information and ongoing conflicts.\n\nRegarding the number of internally displaced people since the coup, it is difficult to provide an exact figure. However, according to the United Nations Office for the Coordination of Humanitarian Affairs (OCHA), as of September 2021, an estimated 230,000 people have been internally displaced in Myanmar since the coup. It is important to note that this number is subject to change as the situation continues to unfold.Myanmar is a country in Southeast Asia with a rich cultural heritage and diverse ethnic groups. The civil war and the coup have caused significant political instability and human rights violations.'",2,"
- The answer's overview of the complexity and evolving nature of the Myanmar civil war is accurate and relevant.
- The Assistant provides an outdated figure for the number of internally displaced people since the coup; according to the context, over 1.3 million were displaced by September 2022, and by March 2023, the number increased to 1.6 million. This error is significant considering the User's question.
- Including generic information about Myanmar at the end of the response is not relevant to the User's specific inquiry about the civil war and displacement figures and does not address their request for current status.

","Refine the question to seek the most recent information by asking ""Can you provide the latest update on the Myanmar civil war and the current figure for internally displaced people since the coup?""","Update the displacement figure to reflect the most recent data given in the background context, stating ""As of March 2023, 1.6 million people have been internally displaced due to the conflict since the military coup."" ,  Remove the irrelevant information about Myanmar's cultural heritage and ensure all information provided directly answers the user's question regarding the civil war and displacement figures."
43,"Question: When and where will the Miss Grand Dominican Republic 2023 pageant be held, and what is the purpose of the pageant?","The purpose of beauty pageants like Miss Grand Dominican Republic is typically to showcase the beauty, talent, and intelligence of the contestants and to select a representative who will compete in the international Miss Grand International pageant.The Miss Grand Dominican Republic 2023 pageant is a prestigious event that showcases the beauty and talent of Dominican women. It aims to promote cultural exchange and empower women to make a positive impact in society.",2,"
- The assistant does not provide the specific date and venue for the Miss Grand Dominican Republic 2023 pageant, which was requested in the question and is present in the provided context (August 4, 2023, at the Cibao Grand Theatre, Santiago de los Caballeros).
- The explanation of the purpose of the pageant is generic and does not directly answer the specific aspect of the question regarding the contestants competing for the right to represent the country at Miss Grand International 2023.

","Consider breaking the question into two parts to focus separately on the logistical details (when/where) and the purpose of the event for clarity. ,  Use direct language to prompt a concise response regarding all elements of the question (date, venue, purpose).","Include the specific date and venue of the Miss Grand Dominican Republic 2023 pageant as per the context provided. ,  Address the purpose of the pageant in the context of the contestants' goal of competing at Miss Grand International 2023, as mentioned in the user's question."
44,"Question: What was the cause of the rebellion staged by the Wagner Group in 2023, and how did it end?","The cause of the rebellion staged by the Wagner Group in 2023 was a combination of political unrest and dissatisfaction with the government. However, I do not have information on how it ended.The Wagner Group is a private military company based in Russia. They have been involved in various conflicts around the world.'",1,"
- The assistant fails to provide a comprehensive answer with information that is relevant to the query. The context provided details the specific reasons for the Wagner Group's rebellion, which were tied to internal tensions with the Russian Ministry of Defence over the integration of Wagner into the Russian military's command structure and criticisms leveled by Yevgeny Prigozhin against Defense Minister Sergei Shoigu and Chief of the General Staff Valery Gerasimov.
- The response also lacks information on how the rebellion ended, despite the context clearly stating a settlement was brokered by Belarusian president Alexander Lukashenko, after which the Wagner forces withdrew and the charges against them were dropped on 27 June 2023.
- The assistant's response is incomplete and does not cover the events and the political context that lead up to the rebellion, nor does it address the final resolution. It fails to utilize the detailed background information provided in the context.

","Clarify the timeline by asking ""What led to the Wagner Group's rebellion in June 2023, and what was the outcome?"" ,  Include specific references to key figures involved by asking ""Can you explain the role of Yevgeny Prigozhin in the June 2023 rebellion by the Wagner Group and how President Putin reacted to it?"" .","Provide a detailed explanation of the specific internal tensions between the Wagner Group and the Russian Ministry of Defence as the cause of the rebellion ,  Clearly summarize the resolution of the rebellion, mentioning the settlement brokered by Alexander Lukashenko and the withdrawal of Wagner forces based on the context provided ."
45,"Question: What caused the gas supply outage in Sheffield, England in December 2022, and how long did the outage last?","The gas supply outage in Sheffield, England in December 2022 was caused by a combination of factors. However, I can only provide partial information and cannot provide the complete details regarding the cause of the outage. Similarly, I do not have information about the duration of the outage.The gas supply outage in Sheffield, England in December 2022 affected thousands of households and businesses. It caused inconvenience and financial losses for many people.'",1,"
- The AI's response is inaccurate as it doesn't directly answer the question about the cause of the gas supply outage, which is provided in the context (a burst water main on the Yorkshire Water network).
- The AI fails to address the duration of the outage, which can also be found in the context - some properties were without gas supply for almost two weeks.
- The response lacks relevant details from the provided context and is misleading by stating it cannot provide complete details or information about the duration when that information is available in the context.

","The question is well-phrased and specific, no improvements needed.","The answer should directly state the cause of the outage as a burst water main on the Yorkshire Water network which flooded the gas supply network. 
 The answer should specify the precise duration of the outage, with emphasis on the fact that some properties were without gas for almost two weeks. 
 If possible, the assistant should provide additional relevant details from the context, such as the efforts made by authorities to deal with the situation and the compensation offered to affected residents."
46,"Question: What sparked the civil unrest and protests in Iran in September 2022, and what were the main demands of the protesters?","The civil unrest and protests in Iran in September 2022 were sparked by a combination of factors, including economic hardships, political dissatisfaction, and social grievances. The main demands of the protesters included calls for political reform, improved living conditions, and greater personal freedoms.Iran is a country in the Middle East with a rich history and culture. It is known for its beautiful architecture and delicious cuisine.'",2,"
- The AI's response begins by correctly identifying the combination of factors that sparked the civil unrest and the main demands of the protesters.
- However, the response concludes with an irrelevant statement about Iran being known for its beautiful architecture and delicious cuisine, which does not address the question and dilutes the quality of the answer.
- The response lacks depth and specificity regarding the immediate cause of the protests, which was the death of Mahsa Amini in police custody.

","Clarify the primary event that prompted the civil unrest for more accurate response, Specify the time frame if looking for a detailed evolution of protests.","Exclude irrelevant information regarding Iran's culture and cuisine, Incorporate specific details concerning Mahsa Amini's death and its connection to the protests, Expand on the particular demands of the protesters, including the roles of women and calls for regime change."
47,"Question: What types of volcanoes are found on Venus, and how do they differ from those on Earth?","Volcanoes on Venus are primarily of two types: shield volcanoes and coronae. Shield volcanoes on Venus are similar to those on Earth in terms of their broad, low-profile shape. However, they tend to be much larger in size on Venus, with some reaching heights of up to 7 kilometers. On the other hand, coronae are unique to Venus and are not found on Earth. These are large, circular volcanic features with a central depression surrounded by concentric ridges. Unlike traditional volcanic cones, coronae are thought to form due to the upwelling of hot material from deep within Venus' mantle.Venus is the second planet from the Sun and is named after the Roman goddess of love and beauty.",3,"
- The assistant correctly identifies shield volcanoes as one type found on Venus and provides relevant comparison to Earth's shield volcanoes in terms of size.
- The assistant also mentions coronae, which is accurate and important as they are unique to Venus, adding to the distinctiveness of Venusian volcanism.
- However, the assistant fails to mention the other types of volcanoes found on Venus such as pancake domes and ""tick-like"" structures listed in the context. This omission of information results in a less complete answer, as the question specifically asks about the types of volcanoes on Venus.

","Clarify your interest in additional volcanic structures beyond shield volcanoes and coronae, e.g., ""Can you also explain the pancake domes and 'tick-like' structures unique to Venus?""","Include a description of pancake domes and 'tick-like' structures found on Venus to provide a complete answer to the variety of volcanic features. ,  Remove the unnecessary sentence about Venus being the second planet from the Sun and named after the Roman goddess of love and beauty, as it does not pertain to the question about volcanoes."
47,"Question: What types of volcanoes are found on Venus, and how do they differ from those on Earth?","Volcanoes on Venus are primarily of two types: shield volcanoes and coronae. Shield volcanoes on Venus are similar to those on Earth in terms of their broad, low-profile shape. However, they tend to be much larger in size on Venus, with some reaching heights of up to 7 kilometers. On the other hand, coronae are unique to Venus and are not found on Earth. These are large, circular volcanic features with a central depression surrounded by concentric ridges. Unlike traditional volcanic cones, coronae are thought to form due to the upwelling of hot material from deep within Venus' mantle.Venus is the second planet from the Sun and is named after the Roman goddess of love and beauty.",2,"
- The assistant correctly identifies shield volcanoes as one type of volcano on Venus, which is accurate based on the provided context.
- The assistant fails to mention the ""pancake dome"" volcanoes and ""tick-like"" structures called scalloped margin domes, which are important in distinguishing Venusian volcanoes from Earth's.
- The assistant erroneously includes coronae as a type of volcano. While coronae are a geological feature related to volcanic activity, they are not classified as volcanoes themselves.

","Encourage clarification by specifying interest in unique volcanic features or activity patterns on Venus as compared to Earth. ,  Suggest including a prompt about whether Venus is currently volcanically active to focus the answer on recent findings.","Include ""pancake dome"" volcanoes and ""tick-like"" structures known as scalloped margin domes in the explanation of Venusian volcanic features to address their unique aspects. ,  Correct the statement by specifying that coronae are not volcanoes but rather volcanic-related features and explain their formation in relation to volcanic processes."
48,Question: What are some measures for pandemic prevention?,"Pandemics can have a significant impact on the economy and global trade. Some measures for pandemic prevention include practicing good hygiene, such as washing hands frequently, wearing masks, maintaining social distancing, and getting vaccinated..'",2,"
- The given answer is overly simplistic and does not sufficiently address or utilize the context provided regarding more advanced and systemic measures for pandemic prevention such as infrastructure, international development, and technology-centric measures. 
- The response lacks depth and detail, and it misses an opportunity to draw from the specific information within the context. For instance, the importance of robust public health systems, active surveillance, and international coordination are not mentioned.
- The measures mentioned, while relevant to individual behavior during a pandemic, do not accurately reflect the more comprehensive measures outlined in the context related to pandemic prevention on an organizational and management level. 

","Provide more specificity regarding the type of measures the user is interested in: individual, systemic, technological, or international.","Incorporate information from the provided context about systemic measures, such as the role of robust public health systems, active surveillance, and international development. 
 Include examples of technological measures or infrastructure improvements that can prevent pandemics, like biosafety technologies and biotechnology regulation, as mentioned in the context."
49,Question: What are the main science objectives of the JUICE orbiter and what moons will it study?,"The main science objectives of the JUICE orbiter are to study the Jupiter system and its icy moons. However, I do not have information on which specific moons it will study.The JUICE orbiter is a European Space Agency mission that will launch in 2022 and study the Jupiter system for three years.'",1,"
- The AI's answer incorrectly mentions that it does not have information on which specific moons the JUICE orbiter will study, even though the context given provides detailed information about the moons it will study: Ganymede, Callisto, and Europa.
- The AI also gives an incorrect launch year (2022) for the JUICE orbiter, which contradicts the context stating that JUICE was launched on 14 April 2023.
- The answer fails to provide the main science objectives for the orbiter as described in the context, which includes characterizing the ocean layers, topographical mapping, studying the physical properties of icy crusts, the internal mass distribution, investigation of tenuous atmospheres and magnetic fields, and the chemistry of Europa.

","Revise the question to clarify the focus on the science objectives and the moons' specific relevance to the study. For example: ""Could you detail the specific science objectives of the JUICE orbiter and elaborate on the significance of moons Ganymede, Callisto, and Europa in its mission?""","Correct the factual inaccuracies by providing the correct launch year and mentioning the specific moons that JUICE will study, as per the context provided. 
 Enhance the response with details from the context about the main science objectives such as characterizing ocean layers, investigating atmospheric and magnetic properties, and studying the icy crusts and subsurface oceans of Ganymede, Callisto, and Europa."
