Number,prompt,answer,general_evaluation_score,justification,question_improvement,answer_improvement
0,"Question: When is the scheduled launch date and time for the PSLV-C56 mission, and where will it be launched from?","The PSLV-C56 mission is scheduled to be launched on Monday, 30 August 2023. The launch will take place from the Satish Dhawan Space Centre (SDSC) SHAR, located in Sriharikota, India.",2,"
- The information provided by the AI about the launch date is inaccurate. The correct launch date is Sunday, 30 July 2023, not Monday, 30 August 2023, as stated by the AI.
- The location from where the PSLV-C56 mission will be launched is correctly mentioned as the Satish Dhawan Space Centre in Sriharikota, India.

","Consider clarifying the time zone for the launch time to avoid confusion, especially if the question is being asked from a different time zone than IST (Indian Standard Time).","Correct the date of the scheduled launch to match the provided context: Sunday, 30 July 2023, instead of the incorrect Monday, 30 August 2023. ,  Mention the scheduled launch time (06:30 IST/01:00 UTC) along with the date for a complete response to the query. ."
1,Question: What is the objective of the Uzbekistan-Afghanistan-Pakistan Railway Project and how is it expected to enhance trade and logistics efficiency?,"The objective of the Uzbekistan-Afghanistan-Pakistan Railway Project is to establish a direct rail link between Uzbekistan, Afghanistan, and Pakistan. This project aims to enhance regional connectivity, promote trade, and boost economic development in the participating countries. By connecting these three countries through a railway network, the project is expected to enhance trade and logistics. The railway route will traverse through Termez, Mazar-i-Sharif, and Logar in Afghanistan, and India. The implementation of this project is anticipated to strengthen trade relations between Pakistan and China.",2,"
- The assistant correctly identifies the project's objective as establishing a direct rail link to enhance regional connectivity and promote trade.
- However, the assistant mistakenly mentions India and China as being connected by or benefiting from the railway project, which is incorrect according to the provided context. The route does not go through India, and while China could potentially benefit indirectly, the context only refers to Uzbekistan, Afghanistan, and Pakistan.
- The answer includes a partial repetition of information from the context but fails to fully elaborate on how the railway is expected to enhance trade and logistics efficiency, such as by reducing cargo delivery times between Uzbekistan and Pakistan by five days.

",The question is already clear and focused; no significant improvement needed.,"Ensure that the countries mentioned are accurate and correspond to the context; avoid referencing India and China in the response if not included in the context. 
 Expand on the specific ways in which the railway project will enhance trade and logistics efficiency, such as mentioning the reduction in cargo delivery times and the broader economic impact."
2,Question: When was PharmaCann founded and what is its headquarters location?,PharmaCann was founded in 2010 by Theodore Wolf. Its headquarters is located in the state of Illinois.,1,"
- The AI incorrectly states that PharmaCann was founded in 2010 whereas the context provided mentions the correct year as 2014.
- The name of the founder is incorrect in the AI's response. The AI mentioned Theodore Wolf instead of the correct name, Theodore Scott, as per the context.
- The AI correctly identified the headquarters location as the state of Illinois, which is consistent with the context provided.

","None needed; the user's question is clear and precise, requesting specific information.","Correct the founding year of PharmaCann to match the provided context, which is 2014. 
 Correct the name of the founder to Theodore Scott as given in the context. 
 The headquarters location is correctly stated; ensure other factual data aligns with the provided context."
3,Question: Who directed the film Oppenheimer and who stars as J. Robert Oppenheimer in the film?,Christopher Nolan directed the film Oppenheimer. Brad Pitt stars as J. Robert Oppenheimer in the film.,2,"
- The response correctly identifies the director of the film ""Oppenheimer"" as Christopher Nolan.
- However, the response inaccurately states that Brad Pitt stars as J. Robert Oppenheimer. According to the context provided, it is Cillian Murphy who stars in this role.

","None, the question is clear and well-formed as it asks specifically for the director and the actor playing J. Robert Oppenheimer.","-  Clarify the actor playing J. Robert Oppenheimer by correcting it to ""Cillian Murphy stars as J. Robert Oppenheimer in the film."" 
-  Avoid mentioning incorrect information such as Brad Pitt's involvement, which could mislead or cause confusion for the questioner."
4,Question: What is theranostics and how does it combine diagnostic and therapeutic approaches in precision medicine?,"Theranostics is a field of medicine that combines diagnostic and therapeutic approaches to provide personalized and precise treatment to patients. It involves the use of diagnostic tests to identify specific molecular targets or biomarkers in a patient's body, which can then be used to guide the selection and administration of targeted therapies. In theranostics, diagnostic techniques such as imaging, molecular profiling, and genetic testing are used to identify the presence of specific molecular targets or biomarkers associated with a particular disease. Gene therapy plays a crucial role in theranostics. These targets or biomarkers can be proteins, genes, or other molecules that play a role in the development or progression of the disease. Once the specific molecular targets or biomarkers are identified, therapeutic approaches can be tailored to the individual patient. This can involve the use of targeted therapies, which are drugs or treatments designed to specifically interact with and inhibit the activity of the identified targets or biomarkers.",4,"
- The assistant provides a clear and concise explanation of theranostics and its role in precision medicine by describing the integration of diagnostic and therapeutic approaches.
- The answer includes relevant details about how diagnostic tests are used to identify molecular targets or biomarkers for guiding targeted therapy.
- The response correctly demonstrates how personalized treatment is facilitated through theranostics but does not mention specific techniques like PET or SPECT despite their detail in the context provided.

","Ensure the question specifies the interest in learning about the specific techniques used in theranostics, such as PET, SPECT, or MRI, as these are significant components within the field.","Include examples of specific diagnostic and therapeutic techniques used in theranostics, such as PET, SPECT, or MRI, and explain their roles in precision medicine. ,  Reference the context by discussing the origins of theranostics in nuclear medicine and the developments in nanotechnology and gene therapy as these are crucial elements in the evolution of theranostics."
5,Question: What is the human climate niche and how is it estimated?,"The human climate niche refers to the range of climatic conditions in which humans can thrive and maintain a sustainable population. It encompasses various factors such as temperature, precipitation, humidity, and other environmental variables that influence human health, well-being, and productivity. It is estimated by calculating the human population density in relation to the mean annual temperature. The distribution of the human population based on mean annual temperature shows two modes, one at 35 °C and another at approximately 0 to 5 °C. Projections indicate that by 20100 and 2150, 6.0 and 10.7 billion people, respectively, will be living in areas that are beyond the human climate niche.",1,"
- The explanation of the human climate niche is accurate; it includes factors such as temperature, precipitation, and other environmental variables that are important to human sustainability.
- The assistant incorrectly states the modes of the human population distribution as being at 35 °C and at approximately 0 to 5 °C, while the correct figures, according to the context provided, are one mode at 15 °C and the other at approximately 20 to 25 °C.
- The numbers regarding projections are also incorrect. The assistant mistakenly states 20100 and 2150 regarding the number of people living outside the niche, while the context mentions 2030 and 2090. The numbers of affected people (6.0 and 10.7 billion) are also incorrect, the correct figures are 2.0 and 3.7 billion people.

","Rephrase the question to: ""Can you explain what the human climate niche is and the methodologies used to estimate it?""","Correct the distribution modes to match the context provided: one mode at 15 °C and another at approximately 20 to 25 °C. ,  Amend the projection years to 2030 and 2090, matching the correct figures of 2.0 and 3.7 billion people, respectively."
6,"Question: What is the taxonomy of Dasypoda radchenkoi, and what is its relationship to Dasypoda morotei?","Dasypoda radchenkoi is a species of bee in the family Apidae, subfamily Apinae, and tribe Anthophorini. Its taxonomy is as follows: Kingdom: Animalia Phylum: Arthropoda Class: Insecta Order: Hymenoptera Family: Apidae Subfamily: Apinae Tribe: Anthophorini Genus: Dasypoda Species: radchenkoi Dasypoda morotei is another species of bee in the same genus, Dasypoda. Both species belong to the same subfamily, Apinae, and tribe, Anthophorini. They are closely related as they are part of the same genus, but they are distinct species with their own unique characteristics and distributions.",2,"
- The provided answer incorrectly places Dasypoda radchenkoi within the family Apidae and the tribe Anthophorini, while the context clearly states that it is from the family Melittidae.
- The response does accurately outline the close relationship between Dasypoda radchenkoi and Dasypoda morotei, noting that they are both species of the same genus, Dasypoda, and are near cryptic.
- The level of detail in the taxonomic hierarchy provided for Dasypoda radchenkoi in the answer does not align with the context, which more accurately describes its placement within the subgenus Heterodasypoda of the genus Dasypoda.

","Clarify that the user is looking for the taxonomic classification within the correct family and potentially inquire about specific aspects of the relationship between the two species, such as genetic, ecological, or morphological differences.",Correct the taxonomic classification to reflect the family Melittidae instead of Apidae and exclude the incorrect tribe Anthophorini. Include information about the subgenus Heterodasypoda to align with the context provided.
7,Question: What is the main product of Fremantle Octopus and where is it based?,The main product of Fremantle Octopus is fresh octopus. It is based in Eastern Australia.,2,"
- The assistant's response incorrectly identifies the location of Fremantle Octopus; it is based in Fremantle, Western Australia, not Eastern Australia.
- While the assistant correctly states that the main product is octopus, it neglects to mention the specific types of products which include frozen raw tentacles, steamed tentacles, and marinated octopus, as mentioned in the context.

",Add specificity to the question about the variety of products offered by Fremantle Octopus for a more detailed answer.,"Correct the geographical error by specifying Fremantle, Western Australia as the base for the company. ,  Include details about the different forms of octopus products offered, such as frozen raw tentacles, steamed tentacles, and marinated octopus."
8,Question: Who is the Managing Director of FoodFutureCo and what are some of her accomplishments in the food industry?,"The Managing Director of FoodFutureCo is Shen Tong. Shen Tong is a serial entrepreneur, angel investor, and food industry expert. She has made significant contributions to the food industry and has been recognized for her accomplishments. She is known for her influence in the sustainable food investor circles and has spoken at summits and conferences such as FoodTank, sparks&honey, Foodable, Vitagora, Future of Food Summit, and Women in Green.",1,"
- The response incorrectly identifies Shen Tong as the Managing Director of FoodFutureCo, while the context clearly states that Gigi Lee Chang is the Managing Director.
- The assistant provides some accurate information about Shen Tong's contributions and speaking engagements, but this does not answer the question regarding the accomplishments of Gigi Lee Chang in the food industry.

","Clarify that you are seeking information specifically about Gigi Lee Chang to avoid confusion with Shen Tong, the founder.","Accurately identify Gigi Lee Chang as the Managing Director and highlight her career achievements, such as founding Plum Organics and her roles at Healthy Child Healthy World and B Lab. Include details from her profile as a leader in the food industry."
9,Question: What was the purpose of designing and building the Fiat Ecobasic concept car?,The purpose of designing and building the Fiat Ecobasic concept car was to explore and showcase innovative technologies and design concepts that could contribute to a more sustainable and environmentally friendly future of transportation. The Fiat Ecobasic concept car aimed to have zero operating costs.,3,"
- The assistant accurately captured the primary goal of the Fiat Ecobasic concept car as an exploration and demonstration of sustainable transportation technologies.
- However, the assistant's statement about the Fiat Ecobasic aiming to have ""zero operating costs"" is vague and incorrectly suggests the concept aimed for no costs in usage, which contradicts the context that states ""ultra-low"" rather than ""zero"" costs.
- The answer did not mention the specific purposes as outlined in the context, such as transporting four adults in a fully recyclable structure and having low production and operating costs.

","Clarify the question by specifying the type of purpose you are interested in, for example: ""What environmental and cost-saving purposes were behind the design and construction of the Fiat Ecobasic concept car?""","Mention the specific innovations included in the design, such as the use of fully recyclable composite materials and the goal of having ultra-low production and operating costs, not zero costs. ,  Include information about its capacity to transport four adults and the emphasis on a low drag coefficient to illustrate the car's focus on efficiency and practicality."
10,"Question: What is the purpose of the Rainbow Plaque programme in the UK, and how does it compare to other plaque programmes?","The purpose of the Rainbow Plaque programme in the UK is to commemorate and celebrate the lives and achievements of LGBTQ+ individuals who have made significant contributions to society. These plaques are installed on buildings or locations that hold historical or cultural significance to the LGBTQ+ community. The Rainbow Plaque programme is unique in that it specifically focuses on LGBTQ+ individuals and their impact on various fields such as arts, sciences, politics, and activism. The first permanent rainbow plaque was unveiled in London in Aug 2016. It provides a visible reminder of the LGBTQ+ community's contributions and helps to foster a more inclusive and accepting society.",2,"
- The response misstates the launch date of the Rainbow Plaque programme, which began in 2018 rather than August 2016 as mentioned.
- The answer correctly identifies the purpose of the plaques but fails to include a comparison to other plaque programmes, which was explicitly asked for in the user's question.

","Revise the question to provide clarity on the specific comparisons sought, for example, by mentioning that the comparison should be about methods of honoring LGBTQIA+ heritage or the scope of commemoration.","Correct the launch date of the Rainbow Plaque programme to reflect July 2018. Include a comparison to other plaque programmes such as the blue plaques by English Heritage and the pink plaques mentioned in the context, focusing on their inception, the specific groups they honor, and their cultural significance."
11,Question: What is the Zubaydah Trail and when was it constructed?,"The Zubaydah Trail, also known as the Highway of Death, is a major road network in Afghanistan. It was constructed in the 1980s during the Soviet-Afghan War. The trail was named after Abu Zubaydah, a Saudi Arabian national who was a high-ranking member of al-Qaeda and was captured in 2002. The road network was primarily built by the Soviet Union to facilitate military operations and transportation of supplies during their occupation of Afghanistan. It stretches from Kabul, the capital city, to the eastern border with Pakistan, passing through various provinces and cities such as Jalalabad and Khost. The Zubaydah Trail has played a significant role in the country's history, serving as a vital transportation route for both military and civilian purposes",1,"
- The AI's response contains incorrect information regarding the Zubaydah Trail, confusing it with something else entirely. The description provided does not match the historical and geographical context of the Zubaydah Trail, which is explained in the context as an ancient pilgrimage route in the Arabian Peninsula.
- The AI inaccurately describes it as the ""Highway of Death"" in Afghanistan, constructed during the Soviet-Afghan War, and falsely associates the name with Abu Zubaydah, a member of al-Qaeda.
- The AI's response provides incorrect historical details, such as construction dates and geographic locations, which do not align with the information provided in the context that dates the construction between 750 CE and 1258 CE, stretching from Kufa to Mecca.

",No improvement needed; the user's question is clear and asks for specific information.,"Ensure the AI comprehensively addresses the question with information from the given context, accurately describing the Zubaydah Trail as a historical pilgrimage route in the Arabian Peninsula. 
 Correctly identify the name association with Queen Zubaydah, and reference the correct historical period and geographical location corresponding to the details in the context. 
 Exclude any unrelated historical events or figures that do not pertain to the Zubaydah Trail, such as the Soviet-Afghan War or Abu Zubaydah, to avoid misinformation."
12,"Question: When was the Chimnabai Clock Tower completed, and who was it named after?","The Chimnabai Clock Tower was completed in the year 1872. It was named after Chimnabai, the wife of the then ruler of Baroda (now Vadodara), Maharaja Sayajirao Gaekwad III.",2,"
- The assistant provided the incorrect year of completion for the Chimnabai Clock Tower. The correct year of completion is 1896, not 1872 as stated in the answer.
- The second part of the answer is partially correct; it was indeed named after Chimnabai I, the wife of Maharaja Sayajirao Gaekwad III. However, the assistant did not specify which Chimnabai (i.e., Chimnabai I).

","Inquire about the historical context or significance of the Chimnabai I in relation to the tower to make the question more insightful. ,  Specify the title ""Chimnabai I"" to avoid confusion with any other person of the same name.","Correct the completion year of the Chimnabai Clock Tower to 1896. ,  Specify ""Chimnabai I"" to accurately identify the queen after whom the tower was named."
13,"Question: When did Trolleybus Route 20 in Shanghai start its operations, and what landmarks does it pass by?","Trolleybus Route 20 in Shanghai started its operations on October 1, 1914. It is one of the oldest trolleybus routes in the city. Route 20 passes by several landmarks and important areas in Shanghai. It passes by several major landmarks, including Zhongshan Park, East China University of Political Science and Law Changning Campus, Longemont, People's Government of Changning District, Shanghai, Jiangsu Road station, Jing'an Temple, Jing'an Park, Jiuguang, Shanghai Wheelock Square, Jing An Kerry Centre, Shanghai Exhibition Centre, Shanghai Centre, Plaza 66, Westgate Mall, Shanghai Media Group Building, HKRI Taikoo Hui, Zhangyuan, People's Square, People's Park, People's Government of Shanghai Municipality Building, Shanghai Museum, Shanghai Grand Theatre, Grand Cinema, Park Hotel, May Thirtieth Movement Monument, Shanghai History Museum (Shanghai Revolution Museum), New World City, Shanghai No. 1 Department Store, Nanjing Road Pedestrian Street, and The Bund.",2,"
- The assistant incorrectly states the starting date of operations for Trolleybus Route 20 as October 1, 1914, whereas the correct date provided in the context is September 27, 1928.
- The list of landmarks that the route passes by is accurate and inline with the context provided.

",Provide a clear and concise question focusing on only one aspect (either the operation start date or the landmarks) to avoid confusion.,"Correct the starting date of operations for Trolleybus Route 20 to align with the provided context, September 27, 1928.
 Summarize the landmarks passed to avoid an overly exhaustive list that may not be practically informative; focus on major landmarks or categorize them by district for clarity."
14,"Question: When did the Inter Expo Center in Sofia, Bulgaria open, and how has it been expanded over the years?","The Inter Expo Center in Sofia, Bulgaria opened in 1999. Since its opening, it has undergone several expansions to accommodate the growing demand for exhibition space. In 2003, the first expansion took place, adding an additional 10,000 square meters of exhibition area. In 2010, further exhibition halls were opened, and in 2012, the Inter Expo Center – Tsarigradsko shose Metro Station was opened as part of the Sofia Metro. The congress halls were renovated in 2020, marking the biggest update to the center since its last expansion.",1,"
- The answer incorrectly states that the Inter Expo Center opened in 1999, while the context clearly says it opened in 2001.
- The expansions listed in the answer do not fully match the timeline given in the context. For example, it incorrectly states the first expansion took place in 2003 with an additional 10,000 square meters of exhibition area, whereas the context mentions the first expansion in 2003 added a congress center and an additional exhibition hall. The context does not mention the 10,000 square meters detail either.
- The renovation year of the congress halls is stated as 2020 in the answer, which is incorrect as per the context that states it occurred in 2019.

","Ensure the question is concise while still requesting the detailed historical timeline desired; consider specifying key points of interest, such as major expansions or renovations.","Refer to the correct opening year of the Inter Expo Center as stated in the provided context; Double-check the historical timeline of expansions and renovations against the context to ensure accuracy in the response; Amend the response to reflect the actual years and details of the expansions and renovations, removing any incorrect or speculative information not supported by the context."
15,"Question: When did Pope Benedict XVI become the head of the Catholic Church and sovereign of the Vatican City State, and when did he resign?","Pope Benedict XVI became the head of the Catholic Church and sovereign of the Vatican City State on April 19, 2005. He was elected as the 265th Pope following the death of Pope John Paul II. Pope Benedict XVI served as the Pope until his resignation on January 28, 2010.",2,"
- The AI assistant provided the correct date for when Pope Benedict XVI became the head of the Catholic Church, which was April 19, 2005.
- However, the AI provided an incorrect resignation date. The correct date is February 28, 2013, not January 28, 2010 as stated by the AI.

","None needed – the question is clear and specific, asking for two distinct dates related to Pope Benedict XVI's tenure.","Correct the resignation date to February 28, 2013, as per the provided context. ,  Mention that his succession by Pope Francis occurred in March 2013 for additional relevant information. ."
16,"Question: What caused the crash of Yeti Airlines Flight 691 in Pokhara, Nepal?","The crash of Yeti Airlines Flight 691 in Pokhara, Nepal was caused by a technical issue with the plane. During the approach to Pokhara Airport, the captain deviated from the standard instrument approach procedure and descended below the minimum safe altitude. The aircraft struck trees on a hillside, causing it to crash and catch fire.",1,"
- The assistant's answer seems to misinterpret the context provided. As per the context, the accident resulted from an apparent mistake in the cockpit where the condition levers were set to the feathered position (not producing thrust), not because the aircraft struck trees on a hillside.
- The context explicitly describes the technical issue revolving around the propellers being in the feathered condition, causing no engine power, which led to a stall. However, the assistant's answer cites an incorrect chain of events that doesn't match the detailed investigation results shared in the context.

","Ensure the question specifies the type of cause being sought (e.g., technical, human error, environmental) to receive a more focused response. ,  Use precise language such as ""What has been determined as the cause..."" to signal that an investigation may have taken place.","The response should accurately reflect the technical issue described in the context, specifically addressing the feathered condition of the propellers, rather than an inaccurate scenario. ,  Include references to the investigation's findings regarding the condition levers’ positions and the implications for thrust generation to provide a detailed and accurate answer."
17,Question: How does the height and thrust of the Starship rocket compare to other rockets?,"The Starship rocket, developed by SpaceX, is one of the largest and most powerful rockets ever built. Here's how its height and thrust compare to other rockets: Height: The Starship rocket stands at approximately 120 meters (394 feet) tall, including its integrated Super Heavy booster. This makes it taller than most other operational rockets. The Starship rocket has a liftoff mass of 2,000 metric tons.  The Starship rocket has a payload capacity of 200 tonnes (330,000 lb) to low Earth orbit in a fully reusable configuration and 250 t (550,000 lb) when expended.",1,"
- The AI assistant inaccurately states the liftoff mass of Starship as ""2,000 metric tons,"" while the context provided indicates a liftoff mass of ""5,000 metric tons (11,000,000 pounds).""
- The AI assistant correctly mentions the height of Starship; however, it does not provide a comparison with other specified rockets (e.g., Saturn V, Space Launch System, or the Soviet N1) as requested in the question.
- The second part of the question regarding ""thrust"" is not addressed at all, failing to compare Starship's thrust with the thrust of other rockets.
  
","Include a request for a specific comparison between Starship and known rockets such as Saturn V, Space Launch System, or Soviet N1 to focus the answer., Clarify whether the question is asking for a comparison of all rockets in history or currently operational rockets only.","Correct the liftoff mass of Starship to reflect the provided context: 5,000 metric tons (11,000,000 pounds)., Provide direct comparisons of height and thrust between the Starship and other mentioned rockets, such as NASA's Space Launch System, Saturn V, and the Soviet N1., Discuss the thrust aspect clearly and compare the Raptor engine's thrust capabilities with other rockets’ engines to fully answer the question."
18,"Question: What is the Kyzylkum Desert known for in terms of its natural resources, and what are some of the major industrial enterprises in the region?","The Kyzylkum Desert, located in Central Africa, is known for its significant natural resources and has several major industrial enterprises in the region. The development of the most famous gold-field at Muruntau began in the early 1970s. The major industrial enterprises in the region are the Navoi Mining and Smelting Complex (НГМК) and the Uzbek U.S.A. Joint Venture ""Zarafshan-Newmont"". The centres of the gas-production industry are Ghat and Mali.",1,"
- The assistant incorrectly states that the Kyzylkum Desert is located in ""Central Africa"" when the context clearly states that it is located in Central Asia. This is a critical factual error.
- The industrial enterprises mentioned are correct, such as the Navoi Mining and Smelting Complex and the Uzbek U.S.A. Joint Venture ""Zarafshan-Newmont""; however, the centers of the gas-production industry are incorrectly stated as Ghat and Mali, which are not mentioned in the context and are not associated with the Kyzylkum Desert.

","Refine the user's question by separating it into two parts: one about natural resources, and another about industrial enterprises, for a more focused inquiry .","Correct the geographical location of the Kyzylkum Desert to Central Asia ,  Provide accurate information on the centers of the gas-production industry as Gazli and Mubarek instead of Ghat and Mali ."
19,"Question: When will the 80th annual Venice International Film Festival take place, and who will serve as the festival's opening film?","The 80th annual Venice International Film Festival is scheduled to take place from September 1 to September 11, 2021. The festival's opening film will be ""Madres Paralelas"" (Parallel Mothers) directed by Pedro Almodóvar.",1,"
- The provided dates for the festival, September 1 to September 11, 2021, are incorrect. The correct dates, as per the context, are from August 30 to September 9, 2023.
- The opening film provided in the answer, ""Madres Paralelas"" directed by Pedro Almodóvar, is incorrect. According to the context, the opening film of the festival will be ""Comandante"" directed by Edoardo De Angelis.

","N/A - The user's question is already clear and specific, requiring no improvements.","Correct the dates of the festival to align with the provided context: August 30 to September 9, 2023. ,  Update the opening film information to ""Comandante"" directed by Edoardo De Angelis, as per the context given."
20,"Question: Where is Myosotis angustata endemic to, and what is its conservation status?","Myosotis angustata, commonly known as the narrow-leaved forget-me-not, is endemic to New Zealand. It is found on the South Island and Stewart Island. 

In terms of conservation status, Myosotis angustata is classified as ""At Risk - Naturally Uncommon"" by the New Zealand Department of Conservation. This means that the species is not currently threatened with extinction but is naturally uncommon and may require conservation management to ensure its survival.",1,"
- The assistant incorrectly states that Myosotis angustata is found on Stewart Island, which is not mentioned in the given context. The context only specifies that the species is endemic to the South Island of New Zealand.
- The conservation status given by the assistant (""At Risk - Naturally Uncommon"") is incorrect according to the context provided, which states that Myosotis angustata is listed as Threatened – Nationally Critical.

","Include the specificity of the endemic location in the question to match the context, such as ""Is Myosotis angustata endemic only to the South Island of New Zealand?"" , Request information on the conservation status according to a specific assessing authority or time frame for clarity, for example, ""What is its conservation status according to the most recent New Zealand Threat Classification System assessment?"" .","Correct the information about the endemic location to match the context, stating clearly that Myosotis angustata is endemic only to the South Island of New Zealand and not Stewart Island ,  Update the conservation status to reflect the latest information from the New Zealand Threat Classification system, labeling the species as ""Threatened – Nationally Critical"" ."
21,Question: Where is Mount Brown located and what is its elevation?,"Mount Brown is located in Glacier National Park in the state of Montana, United States. Its elevation is 8,622 feet (2,628 meters).",1,"
- The AI provided incorrect information regarding the location of Mount Brown. The context mentions that Mount Brown is located in Liberty County, not Glacier National Park.
- The elevation provided by the AI is also incorrect. The context states that Mount Brown's elevation is 6,958 feet (2,121 meters), not 8,622 feet (2,628 meters).

",No improvement needed; the question is clear and straightforward.,"Correct the location of Mount Brown to Liberty County, Montana. ,  Correct the elevation of Mount Brown to 6,958 feet (2,121 meters). ."
22,Question: Where is the type locality of the Laoshan tree frog and what is its size?,"The type locality of the Laoshan tree frog (Hyla latouchii) is in Laoshan, Shandong Province, China. The size of the Laoshan tree frog varies, but adult males typically measure around 3-4 centimeters in length, while females are slightly larger, measuring around 4-5 centimeters.",2,"
- The assistant incorrectly identifies the location of the type locality for the Laoshan tree frog. The correct type locality is 1389 meters above sea level in Cenwangloashan Nature Reserve in China, not Laoshan, Shandong Province, China.
- The assistant provides a size range for both male and female Laoshan tree frogs, which aligns with the general information given in the context (about 35 mm in snout-vent length for adults). This part of the answer is relevant and accurate. 

","Consider revising the question to specify the need for precise altitude information, such as ""At what altitude is the type locality of the Laoshan tree frog located, and what is the average snout-vent length?"".","Ensure the location provided matches the context precisely, stating ""The type locality of the Laoshan tree frog is 1389 meters above sea level in the Cenwangloashan Nature Reserve in China."", Clarify the size description to reflect the information given in the context by saying ""The adult Laoshan tree frog typically measures about 35 mm in snout-vent length.""."
23,"Question: When was the Roanoke and Tar River Railroad fully merged into the Seaboard Air Line Railway network, and what happened to the line after that?","The Roanoke and Tar River Railroad was fully merged into the Seaboard Air Line Railway network on July 1, 1900. After the merger, the line became a part of the Seaboard Air Line Railway's system and continued to operate as a subsidiary of the larger company. The Roanoke and Tar River Railroad served as an important link in the Seaboard Air Line Railway's network, connecting various towns and cities in North Carolina. It played a crucial role in transporting passengers and freight throughout the region. Over the years, the line underwent various changes and improvements to accommodate the growing demands of the railroad industry. However, with the decline of rail transportation in the mid-20th century, the Roanoke and Tar River Railroad, like many other railroads, faced challenges. Eventually, the line was abandoned and its tracks were removed. Today, there are no active rail operations on the former Roanoke and Tar River Railroad route.",1,"
- The AI incorrectly states that the Roanoke and Tar River Railroad was fully merged into the Seaboard Air Line Railway network on July 1, 1900, whereas the context provided indicates the full merger was in 1911.
- The AI provides an incorrect subsequent history of the line, as the context clearly states that the line would later operate as the Seaboard Air Line's Lewiston Subdivision and continue to undergo multiple changes, mergers, and eventually be operated by the North Carolina and Virginia Railroad, which is contrary to the AI's claim that the line was abandoned and the tracks were removed.

","Specify the time frame for the line's history to avoid ambiguity. For example: ""What was the fate of the Roanoke and Tar River Railroad after its 1911 merger into the Seaboard Air Line Railway network?""","Correct the merger date to 1911 as per the provided context. Additionally, mention the subsequent mergers and operational changes that led to the current status of the line under the North Carolina and Virginia Railroad. ,  Refrain from claiming the line was completely abandoned and rather specify which parts were abandoned and which parts were sold, as detailed in the context."
24,Question: What organizations has Moud Goba been involved with and what is her current role at UK Black Pride?,"Moud Goba has been involved with several organizations and currently holds a significant role at UK Black Pride. Here are the details:

1. UK Black Pride: Moud Goba is the Executive Director of UK Black Pride. This organization is Europe's largest celebration of LGBTQ+ people of African, Asian, Caribbean, Middle Eastern, and Latin American descent. UK Black Pride aims to promote unity, celebrate diversity, and advocate for the rights of LGBTQ+ individuals from these communities.

2. Stonewall: Moud Goba has worked as a Senior Account Manager at Stonewall, a prominent LGBTQ+ rights organization in the UK. Stonewall focuses on campaigning for equality and inclusion for LGBTQ+ people in various aspects of life, including education, healthcare, and workplaces.

3. The Kaleidoscope Trust: Moud Goba has also been associated with The Kaleidoscope Trust, an organization that works to uphold the rights of LGBTQ+ people internationally. The trust supports activists and organizations globally, aiming to promote equality and combat discrimination based on sexual orientation and gender identity.

Moud Goba's current role at UK Black Pride is the Executive Director, where she plays a crucial role in leading and managing the organization's activities, campaigns, and events.",1,"
- The Assistant incorrectly states Moud Goba's title as the Executive Director of UK Black Pride, when the context provided clearly outlines that she is the chair of their board of directors.
- The Assistant mentions Stonewall and The Kaleidoscope Trust, neither of which are listed in the provided context. There is no evidence Moud Goba was associated with these specific organizations based on the information given.
- The Assistant fails to mention her work with Micro Rainbow International or her own initiative, Gay Afrika, both of which were significant parts of Goba's activism outlined in the context.

","Clarify focus on organizational involvement, current and past, as well as any notable achievements or roles.","Reflect accurate position at UK Black Pride as provided in the context.,  Include mention of Micro Rainbow International and Gay Afrika, aligning with the provided context.,  Eliminate references to organizations not mentioned in the context to maintain accuracy."
25,"Question: What is the purpose of the Modernizing Opioid Treatment Access Act, and how does it aim to expand access to methadone for patients with opioid use disorder?","The purpose of the Modernizing Opioid Treatment Access Act is to expand access to methadone for patients with opioid use disorder (OUD). Methadone is a medication commonly used in medication-assisted treatment (MAT) for OUD, but its distribution is heavily regulated due to concerns about diversion and misuse.

This act aims to address the barriers to accessing methadone by allowing qualified healthcare providers to prescribe and dispense methadone for the treatment of OUD in an office-based setting. Currently, methadone can only be dispensed through specialized opioid treatment programs (OTPs), which can be difficult for some patients to access due to limited availability and long distances.

By expanding access to methadone through office-based settings, the act seeks to increase the number of healthcare providers who can offer this treatment option. This would make it more convenient for patients to receive methadone, potentially reducing barriers to treatment and improving outcomes for individuals with OUD.

The act also includes provisions to ensure patient safety and prevent diversion. It requires healthcare providers to meet certain qualifications and comply with regulations to prescribe and dispense methadone. This includes training on the use of methadone for OUD treatment and adherence to best practices for patient monitoring and care.

Overall, the Modernizing Opioid Treatment Access Act aims to improve access to methadone for patients with OUD by expanding the number of healthcare providers who can offer this treatment option, while also ensuring patient safety and preventing misuse.",5,"
- The response effectively encapsulates the purpose of the Modernizing Opioid Treatment Access Act, highlighting the current restrictions on methadone distribution and the proposed changes to ease them.
- Details on how it aims to expand access, such as allowing qualified healthcare providers to prescribe and dispense methadone in office-based settings, are accurately provided.
- The response maintains relevance throughout, focusing on the main objectives of the legislation, and mentions patient safety measures that would accompany the expansion of methadone access.
  
","No improvement needed as the question is clear and well-informed, asking about both the purpose of the legislation and its specific mechanisms for expanding access to methadone.","Include specific mentions of the Senators and Representatives who introduced the legislation, as well as the bill numbers (S.644 and H.R.1359), to provide more detailed legislative context., Reference the temporary changes made during the COVID-19 pandemic which allowed take-home doses and the move towards making these changes permanent, to illustrate the act's alignment with recent policy direction."
26,"Question: When and where did Gaucho Americano have its world premiere, and when was it commercially released in Chilean theaters?","Gaucho Americano had its world premiere on September 9, 2021, at the Toronto International Film Festival (TIFF) in Canada. The film was then commercially released in Chilean theaters on November 4, 2021.",1,"
- The AI assistant provided incorrect information regarding the premiere date and location of ""Gaucho Americano"". According to the context, the world premiere was on April 29, 2021, at the Hot Docs Canadian International Documentary Festival, not on September 9, 2021, at TIFF as stated by the AI.
- The commercial release date of the film in Chilean theaters was also incorrect. The provided answer said it was released on November 4, 2021, while the context clearly states that the commercial release was on September 8, 2022.

","None needed, the question is clear and specific.","Correct the premiere date to the factual date of April 29, 2021. 
 Provide the correct premiere location, which is the Hot Docs Canadian International Documentary Festival. 
 Amend the commercial release date to the correct date of September 8, 2022, in Chilean theaters."
27,Question: Where is the type locality of the Blakistonia plata spider and what is the significance of its specific epithet?,"The type locality of the Blakistonia plata spider is in the province of Chiriquí, Panama. The specific epithet ""plata"" is significant because it refers to the silver coloration of the spider's abdomen. ""Plata"" is the Spanish word for silver.",1,"
- The response incorrectly states that the type locality of the Blakistonia plata spider is in the province of Chiriquí, Panama. The correct type locality, as provided in the context, is Texas, near Goondiwindi in the Darling Downs region of south-east Queensland, Australia.
- The explanation for the significance of the specific epithet ""plata"" falsely attributes it to the silver coloration of the spider's abdomen, when in fact, it refers to the local silver mining industry of the type locality area.

",No specific improvements needed; the question is clear and specific.,"Correct the location of the type locality to ""Texas, near Goondiwindi in the Darling Downs region of south-east Queensland, Australia.""
Update the significance of the specific epithet ""plata"" to reflect its allusion to the local silver mining industry associated with the type locality, rather than the color of the spider."
28,"Question: How many teams participate in the Turkish Women's Football Super League, and what is the format of the league?","The Turkish Women's Football Super League consists of 12 teams. The league follows a round-robin format, where each team plays against every other team twice, once at home and once away. The team with the most points at the end of the season is crowned the champion.",2,"
- The assistant's answer correctly states the number of teams that participate in the Turkish Women's Football Super League, although it does not reflect the current season's format with two groups mentioned in the context.
- The explanation of the format provided by the assistant is generic and does not specifically address the unique format of the 2022-23 season, which involves one group of 10 teams and another of nine teams, and finals to decide the champion as per the context provided.

","Clarify the season in question to obtain specific details (e.g., ""For the 2022-23 season, how many teams participate in the Turkish Women's Football Super League and what is the specific format of the league?"")","Reference the specifics of the current season's format by mentioning the two groups and the finals process to determine the champion. (e.g., ""In the 2022-23 season, there are two groups, one with 10 teams and one with nine teams, followed by a finals series to determine the champion."")"
29,"Question: Who is buried in the Tomb of Alexander Stewart, and what is the condition of the tomb?","The Tomb of Alexander Stewart, also known as the Earl of Buchan's Monument, is located in the ruins of the Dunkeld Cathedral in Dunkeld, Scotland. It is the final resting place of Alexander Stewart, the Earl of Buchan, who was a Scottish nobleman and military leader.

Alexander Stewart, also known as the ""Wolf of Badenoch,"" was born in 1343 and died in 1405. He was the third surviving son of King Robert II of Scotland. Alexander Stewart was known for his military exploits and his turbulent personal life. He was involved in various conflicts and was known for his ruthless nature.

As for the condition of the tomb, it is currently in a state of ruin. The Dunkeld Cathedral suffered significant damage during the Scottish Reformation in the 16th century, and the tomb was not spared. The cathedral was partially destroyed, and many of its features, including the tomb, were damaged or lost.

Today, only fragments of the tomb remain, and it is no longer intact. The surviving parts of the tomb can be seen within the ruins of the Dunkeld Cathedral. Despite its damaged state, the tomb still holds historical significance and serves as a reminder of the Earl of Buchan's legacy.",2,"
- The AI assistant provides incorrect information about the death year of Alexander Stewart, stating he died in 1405, while the context clearly states he died around 1394.
- The AI assistant does not give details about the condition of the effigy and the altar tomb as described in the provided context. The given details about the damage during the Scottish Reformation do not fully reflect the information from the context, which gives specific details about the condition of the effigy and the tomb.
- The assistant's response lacks the depth provided in the context such as the preservation status of the effigy as one of the best preserved pieces of royal medieval Scottish sculpture and the specific damages it has sustained.

","Re-phrase to include a specific inquiry about the state of conservation and historical significance of the tomb, e.g., ""Could you provide details on who is interred in the Tomb of Alexander Stewart, and describe the current condition and historical significance of the tomb and effigy?""","Provide the correct death year of Alexander Stewart as circa 1394 and correct any historical inaccuracies. ,  Give a detailed account of the effigy's specific damages and the altar tomb's features, such as the pleurants and the Latin inscription, as mentioned in the context. ,  Highlight the tomb's significance as one of the best preserved pieces of royal medieval Scottish sculpture to give a broader historical context."
30,"Question: When was the 5th Separate Guards Tatsin Red Banner Order of Suvorov Tank Brigade formed, and what is its military unit number?","The 5th Separate Guards Tatsin Red Banner Order of Suvorov Tank Brigade was formed on June 1, 1942. Its military unit number is 46108.",2,"
- The response provided by the AI contains inaccurate historical information. According to the context, the 5th Tank Brigade was formed in 2009, not on June 1, 1942.
- The response does provide the correct military unit number, which is 46108.
- Since a part of the question was answered inaccurately, the response is only partially helpful to the user.

",Clarify if the formation date for its historical predecessor is required rather than the current unit's formation date.,"Provide the correct formation year as 2009, mention its status as the successor to the 2nd Guards Tank Corps, and omit the incorrect historical date."
31,"Question: How long did the Siege of Mariupol last, and what was the outcome?","The Siege of Mariupol refers to two separate events during the ongoing conflict in Eastern Ukraine. 

The first siege of Mariupol occurred in May 2014, shortly after the annexation of Crimea by Russia. Pro-Russian separatists, supported by Russian military personnel, attempted to take control of the city. The siege lasted for several days, from April 13 to May 5, 2014. Ukrainian forces successfully defended the city, and the separatists were forced to retreat.

The second siege of Mariupol took place in January 2015. This time, the separatists launched a major offensive against the city, aiming to capture it. The siege lasted for several weeks, from January 24 to February 25, 2015. Ukrainian forces, with the support of volunteer battalions and international assistance, managed to repel the attack and maintain control of the city.

The outcome of both sieges was that Mariupol remained under Ukrainian control. The city has since become an important strategic location in the conflict, serving as a major economic and transportation hub in the region.",1,"
- The user asked specifically about the Siege of Mariupol that began on 24 February 2022 and ended on 20 May 2022, but the AI assistant provided answers about the sieges in 2014 and 2015, which are not relevant to the user's question.
- The AI failed to acknowledge or provide information about the 2022 siege, its duration, or its outcome, which were the focus of the user's question.
- The AI assistant did not accurately address the user's request for information, therefore, the response is neither helpful nor relevant to the user's query.

","Ask for specific incidents in complex, ongoing situations by including dates or describing the event of interest to ensure clarity ,  Include any additional information or aspects of the event being inquired about if seeking detailed responses .","Focus on addressing the specific event mentioned in the context, especially when the question includes precise dates ,  Ensure that the historical information provided is relevant to the question being asked ."
32,"Question: Which countries and international organizations have imposed sanctions against Russia and Crimea, and what were the reasons for these sanctions?","Several countries and international organizations have imposed sanctions against Russia and Crimea for various reasons. Here are some of the key actors and their reasons for imposing sanctions:

1. United States: The U.S. has imposed several rounds of sanctions on Russia and Crimea. The reasons include Russia's annexation of Crimea in 2014, its involvement in the conflict in Eastern Ukraine, human rights abuses, cyberattacks, and interference in the 2016 U.S. presidential election.

2. European Union (EU): The EU has also imposed multiple rounds of sanctions on Russia and Crimea. The reasons include the annexation of Crimea, destabilization of Ukraine, violation of Ukraine's sovereignty and territorial integrity, human rights abuses, and the poisoning of Russian opposition leader Alexei Navalny.

3. Canada: Canada has imposed sanctions on Russia and Crimea in response to the annexation of Crimea, human rights abuses, and Russia's actions in Eastern Ukraine.

4. United Kingdom: The UK has imposed sanctions on Russia and Crimea for various reasons, including the annexation of Crimea, human rights abuses, cyberattacks, and the poisoning of Sergei Skripal, a former Russian spy, in Salisbury in 2018.

5. Australia: Australia has imposed sanctions on Russia and Crimea in response to the annexation of Crimea, human rights abuses, and Russia's actions in Eastern Ukraine.

6. Japan: Japan has imposed sanctions on Russia and Crimea in response to the annexation of Crimea and Russia's actions in Eastern Ukraine.

7. Ukraine: Ukraine has imposed its own sanctions on Russia and Crimea in response to the annexation of Crimea, Russia's actions in Eastern Ukraine, and the ongoing conflict between the two countries.

8. NATO: The North Atlantic Treaty Organization (NATO) has imposed sanctions on Russia in response to its actions in Ukraine, including the annexation of Crimea and its support for separatist groups in Eastern Ukraine.

These are just a few examples of the countries and organizations that have imposed sanctions on Russia and Crimea. The reasons for these sanctions vary but generally revolve around Russia's annexation of Crimea, its actions in Eastern Ukraine, human rights abuses, cyberattacks, and interference in other countries' affairs.",5,"
- The AI provides a well-detailed list of countries and international organizations that have imposed sanctions on Russia and Crimea, including the United States, European Union, Canada, United Kingdom, Australia, Japan, Ukraine, and NATO.
- The AI accurately outlines the reasons for the sanctions: annexation of Crimea, involvement in Eastern Ukraine, human rights abuses, cyberattacks, interference in the 2016 U.S. election, and the poisoning of Alexei Navalny and Sergei Skripal.
- The response is relevant, straight to the point, and does not contain any unnecessary or redundant information.

","Add specificity by requesting a timeframe or particular events related to the sanctions to narrow down the response. For example: ""Which countries and international organizations have imposed sanctions against Russia and Crimea since the annexation of Crimea in 2014, and what specific events triggered these sanctions?""",Include more precise dates and reference specific sanctions related to each reason listed for a more comprehensive answer. Add statistics or measures to quantify the impact of sanctions when relevant for a greater depth of analysis.
33,Question: What factors contributed to the Sri Lankan economic crisis?,"There were several factors that contributed to the Sri Lankan economic crisis:

1. High levels of government debt: Sri Lanka had accumulated a significant amount of government debt, both domestic and foreign. This debt burden became unsustainable, leading to a crisis in public finances.

2. Fiscal mismanagement: The government had been running large budget deficits for several years, spending more than it was earning. This led to a widening fiscal deficit and increased borrowing to finance government expenditure.

3. Political instability: Sri Lanka experienced political instability during this period, with frequent changes in government and policy uncertainty. This created an unfavorable business environment and deterred foreign investment.

4. Declining exports: Sri Lanka's export sector, particularly garments and textiles, faced challenges due to global economic slowdowns and increased competition from other countries. This led to a decline in export earnings, which further strained the country's external finances.

5. High inflation: Sri Lanka experienced high inflation during this period, which eroded the purchasing power of the population and increased the cost of living. This put additional pressure on the economy and contributed to the crisis.

6. External shocks: Sri Lanka was also affected by external shocks, such as rising oil prices and global financial market volatility. These factors further exacerbated the economic challenges faced by the country.

7. Structural issues: Sri Lanka had several structural issues that hindered its economic growth, such as a lack of diversification in the economy, inadequate infrastructure, and low productivity levels. These issues made it difficult for the country to sustain economic growth and overcome the crisis.",2,"
- The AI's response is incomplete as it does not mention all of the specific factors that led to the Sri Lankan economic crisis listed in the context, particularly the tax cuts, money creation, shift to organic farming, Easter bombings, and the COVID-19 pandemic.
- The mention of high debt levels and fiscal mismanagement aligns with the context but the response lacks explicit mention of the tax cuts and money creation policies that aggravated these issues.
- The answer includes more generic economic challenges such as high inflation and structural issues but fails to address the unique context-specific factors such as political decisions and specific incidents that drastically affected the country’s economic situation.

[[Explanation is clear and concise, aligning with the shortcomings in the AI's answer.]], ","Rephrase to provide a more precise timeframe or emphasize the unique factors that contributed to the crisis, e.g., ""What were the key factors unique to Sri Lanka that led to its economic crisis beginning in 2019?""","Include all specific factors listed in the provided context, especially mentioning tax cuts, money creation, shift to organic farming, the Easter bombings, and the COVID-19 pandemic. ,  Incorporate a brief explanation of how each specific factor directly impacted the economy to provide more depth to the answer, such as elaborating on the tax cuts' effect on government revenue."
34,"Question: How many people were killed and injured in the 2022 Hormozgan earthquakes, and what was the maximum intensity of the earthquakes?","Answer: The 2022 Hormozgan earthquakes occurred in Iran on April 5, 2022. The earthquakes had a magnitude of 6.0 and 6.1, respectively. According to official reports, these earthquakes resulted in the death of at least 37 people and injured more than 850 individuals. The maximum intensity of the earthquakes was recorded as VIII (severe) on the Modified Mercalli Intensity Scale.",1,"
- The user's provided context states that the 2022 Hormozgan earthquakes killed seven people and injured dozens more, contradicting the AI assistant's claim of at least 37 deaths and more than 850 injuries.
- The context also mentions that the maximum intensity of the earthquakes was VII (Very strong), while the AI assistant incorrectly states it as VIII (severe).

","Clarify whether you seek the number of casualties from the main July 1st earthquakes only or from all seismic events in the Hormozgan province throughout 2022 ,  Specify whether you want details on the injury types or severity .","Correct the date of the earthquakes from ""April 5, 2022"" to ""July 1, 2022"" ,  Adjust the casualties to match the provided context: seven deaths and dozens injured, not ""at least 37"" deaths and ""more than 850"" injuries ,  Amend the maximum intensity level from VIII (severe) to VII (Very strong) to align with the context ."
35,"Question: How many people were killed and injured in the mass shooting during the Independence Day parade in Highland Park, Illinois?","There was no mass shooting during the Independence Day parade in Highland Park, Illinois.",1,"
- The provided AI assistant's answer is completely incorrect as it contradicts the context given, which clearly states that a mass shooting did occur, resulting in seven people killed and 48 others wounded.
- This answer is unhelpful and misleading given the context of the question.
- Since the Assistant's response is a direct denial of a historical fact presented in the context, it shows a major error that cannot be overlooked or mitigated by other aspects of the answer.

","The question is well-formulated and specific, requiring no changes.","The AI should acknowledge the occurrence of the mass shooting event as detailed in the context.,
Give an accurate response based on the provided information, indicating seven people were killed and 48 others were wounded in the Highland Park, Illinois mass shooting."
36,Question: What are some of the controversies surrounding Uber?,"There have been several controversies surrounding Uber, including:

1. Safety concerns: Uber has faced criticism for inadequate background checks on drivers, leading to incidents of assault and harassment. There have been cases where passengers have been assaulted or even killed by Uber drivers. This has raised questions about passenger safety and the company's responsibility in ensuring it.

2. Regulatory issues: Uber has faced numerous legal battles and regulatory challenges in various cities and countries. Traditional taxi companies argue that Uber operates unfairly by avoiding the same regulations and licensing requirements they must adhere to. This has led to protests and bans in some places, as well as ongoing debates about how to regulate ride-sharing services.

3. Treatment of drivers: Uber has faced criticism for its treatment of drivers, who are classified as independent contractors rather than employees. This classification means that drivers do not receive benefits such as health insurance, paid time off, or minimum wage guarantees. There have been protests and lawsuits from drivers demanding better pay and improved working conditions.

4. Surge pricing: Uber's surge pricing algorithm, which increases fares during periods of high demand, has been a source of controversy. Critics argue that surge pricing takes advantage of customers during emergencies or busy times, while Uber argues that it is necessary to incentivize more drivers to meet the increased demand.

5. Data privacy concerns: Uber has faced scrutiny over its handling of customer data. In 2014, it was revealed that Uber employees had access to a tool called ""God View,"" which allowed them to track the real-time location of customers. This raised concerns about privacy and led to investigations by regulatory authorities.

6. Corporate culture and leadership: Uber has faced criticism for its corporate culture, which has been described as aggressive and toxic. Allegations of sexual harassment, discrimination, and a lack of diversity within the company have been reported. In 2017, Uber's CEO Travis Kalanick resigned following a series of scandals and controversies.

These controversies have significantly impacted Uber's reputation and have led to changes in its policies and practices. The company has made efforts to address some of these issues, such as implementing safety features, improving driver benefits, and enhancing data privacy measures.",4,"
- The AI assistant listed major controversies related to Uber, which align with the issues mentioned in the context provided: safety concerns, regulatory issues, treatment of drivers, surge pricing, data privacy concerns, and corporate culture issues.
- The AI response is accurate and relevant to the information in the context, providing a targeted and organized summary of Uber's controversies.
- The response offers sufficient depth by detailing each controversy, but it restates some issues the user was already informed about, such as regulatory issues and data privacy concerns, without adding substantially new information.

",Consider specifying a particular area of controversy or requesting information on the most recent controversies to receive more targeted information.,"Expand on controversies not extensively covered in the user's context, such as the implications of Uber's aggressive expansion strategy on local businesses., Incorporate recent developments or updates in these controversies to provide the latest information available on Uber's practices and any progress or regression."
37,Question: What was the estimated timeline for fully restoring power in Moore County after the shooting attack on the electrical distribution substations?,"There is no specific information available regarding the estimated timeline for fully restoring power in Moore County after the shooting attack on the electrical distribution substations. The restoration process can vary depending on the extent of the damage, availability of resources, and the response efforts of the utility company. It is best to refer to local news sources or contact the relevant utility company for the most accurate and up-to-date information on power restoration efforts in Moore County.",1,"
- The assistant's response seems to be inaccurate as the context provided indicates that initial estimates were up to four days to fully restore power in the area. 
- The assistant's statement does not reflect the information given in the context. Instead, it suggests there is no specific information available, which is contrary to the details provided.
- The response missed an opportunity to quote directly from the context to provide the user with the specific timeline and thus, did not provide the most helpful or accurate answer to the user's question.

","Clarify the question to seek the latest or most recent estimated timeline for restoring power, considering the context suggests varying timelines.","Reference the provided context stating the initial estimates and the revised timeline. 
 Update the response with specific dates and numbers mentioned in the context, such as the revised estimate of midnight December 7th for completion of repairs."
38,"Question: What caused the ethnic violence in Manipur in 2023, and what were the consequences of the violence?","In 2023, the ethnic violence in Manipur was primarily caused by a complex interplay of historical, socio-political, and economic factors. One of the main triggers was a dispute over land rights between different ethnic communities, leading to tensions and clashes. Additionally, there were underlying issues related to identity politics, resource distribution, and political representation.

The consequences of the violence were significant and multifaceted. Firstly, there was a loss of lives and widespread destruction of property, resulting in a humanitarian crisis. The violence also exacerbated existing divisions between different ethnic groups, leading to a deepening of mistrust and animosity. This, in turn, hindered social cohesion and economic development in the region.

Furthermore, the ethnic violence had broader implications for the stability and security of Manipur. It strained the relationship between the state government and various ethnic communities, challenging the governance and administration of the region. The violence also attracted national and international attention, putting pressure on the government to address the underlying issues and find lasting solutions.

In response to the violence, efforts were made to promote dialogue, reconciliation, and peacebuilding among the different ethnic groups. The government implemented measures to address the root causes of the conflict, such as land reforms, equitable resource distribution, and inclusive political representation. These initiatives aimed to foster a sense of belonging and shared identity among the diverse communities in Manipur, ultimately working towards long-term peace and stability.",4,"
- The AI assistant's answer provides a comprehensive overview of the causes leading to the ethnic violence in Manipur, including the dispute over land rights, identity politics, resource distribution, and political representation.
- The response also covers the consequences of the violence effectively, highlighting the loss of life, property damage, and the impact on social cohesion and regional stability.
- However, the AI assistant does not directly incorporate specific details provided in the context, such as the Manipur High Court's decision regarding the Scheduled Tribe status for the Meitei community, the political actions of the chief minister, and other specific events mentioned in the background, which would have made the answer more precise and tailored to the context provided.

","Specify the linkage between the High Court's decision and the ethnic violence. ,  Request information on specific actions taken by the Manipur government and their effects on ethnic relations.","Incorporate the High Court's decision regarding Meitei ST status as a direct cause. ,  Mention the specific government actions like the eviction drive, Manipur Cabinet's decisions, and the chief minister's statements as contributing factors. ,  Include the impact of these events on the displaced populations and the role of peacebuilding initiatives more explicitly."
39,Question: What was the size and payload of the Chinese balloon that was spotted in North American airspace?,The Chinese balloon that was spotted in North American airspace was approximately 50 meters in diameter and had a payload capacity of 500 kilograms. It was part of a scientific research mission to study atmospheric conditions and monitor climate patterns.,1,"
- The assistant's response does not match the correct information given in the context, which states the balloon was 200 feet (61 meters) tall and the payload was estimated to be the size of ""two or three school buses,"" with a weight of more than 2,000 pounds (910 kg).
- The assistant incorrectly describes the purpose of the balloon as part of a ""scientific research mission to study atmospheric conditions and monitor climate patterns,"" whereas in the context it is inferred that the balloon carried intelligence gathering equipment according to U.S. officials and the incident increased U.S.–China tensions, indicating a different purpose.
- There is no mention in the context of a 50 meters diameter or a 500 kilograms payload capacity, indicating that the assistant's response is factually inaccurate.

","Clarify that the question is seeking details about the Chinese surveillance balloon incident of 2023 by incorporating the year into the question. ,  Use more specific terminology such as ""dimensions"" and ""equipment weight"" instead of ""size"" and ""payload"" to avoid ambiguity.","Correctly state the dimensions and describe the payload of the Chinese balloon based on the given context, which is 200 feet (61 meters) tall with a payload the size of ""two or three school buses"" weighing more than 2,000 pounds (910 kg). ,  Address the actual purpose of the balloon as indicated by U.S. officials, which includes intelligence gathering operations, rather than incorrectly stating it was for scientific research. ."
40,"Question: What were the temperatures and snowfall amounts during the cold snap in Afghanistan in January 2023, and how many people and livestock were affected?","During the cold snap in Afghanistan in January 2023, temperatures dropped to record lows, reaching as low as -30 degrees Celsius (-22 degrees Fahrenheit) in some regions. The snowfall amounts varied across the country, with some areas experiencing heavy snowfall of up to 2 meters (6.5 feet), while others received lighter snowfall of around 30 centimeters (1 foot).

As for the number of people and livestock affected, it is estimated that approximately 500,000 people and 1 million livestock were affected by the extreme cold and heavy snowfall. These severe weather conditions caused disruptions in transportation, power outages, and limited access to essential services, leading to significant challenges for the affected population.",1,"
- The AI assistant reported incorrect temperatures and snowfall amounts; in the context provided, the temperatures were stated as low as −33 °C (−27 °F) and snowfall as high as 30 centimeters (12 inches), not -30 degrees Celsius (-22 degrees Fahrenheit) and up to 2 meters (6.5 feet) as the AI stated.
- The AI also incorrectly stated the number of people and livestock affected. According to the context, at least 162 people died and over 77,000 livestock died, not approximately 500,000 people and 1 million livestock as claimed by the assistant.

","No improvement needed; the question is clear and specific, asking for temperatures, snowfall amounts, and the effect on people and livestock during a particular event.","- The AI should provide accurate data matching the context, reporting temperatures as −33 °C (−27 °F) and snowfall amounts of up to 30 centimeters (12 inches).
- The AI should correctly state the number of affected people and livestock, as at least 162 people died and over 77,000 livestock per the context given, instead of the inaccurate figures mentioned."
41,Question: When was GPT-4 released and what are some of its capabilities?,"GPT-4 was released in the year 2025. It is an advanced language model developed by OpenAI. Some of its capabilities include:

1. Multilingual Understanding: GPT-4 can comprehend and generate text in multiple languages, making it a versatile tool for global communication.

2. Contextual Understanding: It has a deep understanding of context, allowing it to generate more accurate and relevant responses based on the given information.

3. Advanced Reasoning: GPT-4 is equipped with enhanced reasoning abilities, enabling it to analyze complex problems and provide insightful solutions.

4. Emotional Intelligence: This model has been trained to recognize and respond to emotions, making interactions more empathetic and human-like.

5. Creative Content Generation: GPT-4 can generate creative content such as stories, poems, and even music, showcasing its artistic capabilities.

6. Personalized Assistance: It can provide personalized recommendations and suggestions based on user preferences, making it a helpful virtual assistant.

Please note that the above information is fictional, as GPT-4 has not been released as of my last update.",1,"
- The AI's response contains an error; it states that GPT-4 was released in the year 2025, which is incorrect based on the context provided that clearly states GPT-4 was released on March 14, 2023.
- Although the capabilities listed do not align with the specific features of GPT-4 provided in the context, they are generally plausible characteristics of a language model like GPT-4. However, the creative content generation of music is speculative since the context does not mention music generation.
- The final note that the information is fictional and GPT-4 has not been released as of the last update contradicts the rest of the response and the actual context showing that GPT-4 has indeed been released.

[[The response contains inaccuracies and a major contradiction to the actual release date of GPT-4, and hence it is not a high-quality answer]], ",Refine question specificity by asking for notable improvements in GPT-4 over its predecessors or specific application domains where GPT-4 shows advancement.,"Correct the release date to align with the provided context. ,  Ensure that the capabilities mentioned match those highlighted in the context, specifically mentioning multimodality and performance on standardized tests. ,  Remove any fictional statements regarding the release status of GPT-4 and speculative capabilities not supported by the context."
42,"Question: What is the current status of the Myanmar civil war, and how many people have been internally displaced since the coup?","The current status of the Myanmar civil war is complex and ever-evolving. While I don't have access to real-time information, it is important to note that the situation in Myanmar has been marked by ongoing conflict and political instability since the military coup in February 2021. The civil war involves various ethnic armed groups, pro-democracy activists, and the military junta.

As for the number of internally displaced people since the coup, it is challenging to provide an exact figure. However, it is estimated that tens of thousands of people have been displaced due to the violence and unrest. These individuals have been forced to flee their homes and seek safety in other parts of the country or across the borders.

Please keep in mind that the situation is highly fluid, and it is advisable to refer to reliable news sources for the most up-to-date information on the Myanmar civil war and its impact on the population.",1,"
- The AI assistant gratuitously claims not to have access to real-time information, yet this was not the expectation in the posed question; the context itself already provided the necessary up-to-date information, which the AI failed to reiterate correctly.
- The assistant provided a very vague and non-specific answer regarding the number of internally displaced people. The context directly states ""As of September 2022, 1.3 million people have been internally displaced,"" which is a recent figure the AI could have quoted to provide an accurate answer.
- The AI did not make any mention of the situation as of February 2023, which includes important information such as Min Aung Hlaing admitting to losing control over more than a third of townships, and the assessment by independent observers regarding the extent of junta control within Myanmar.

","Refrain from requesting real-time data when the context includes recent information; for instance, instead of ""the current status,"" ask for a ""recent overview."" ,  Specify the type of information sought about the internally displaced, such as official numbers or the situation of the displaced.","Cite the specific figures provided in the context, such as ""1.3 million people have been internally displaced by September 2022"" and the information about the conditions as of February 2023. ,  Include significant recent events or statements, such as Min Aung Hlaing's acknowledgment about the loss of control over townships."
43,"Question: When and where will the Miss Grand Dominican Republic 2023 pageant be held, and what is the purpose of the pageant?","The Miss Grand Dominican Republic 2023 pageant will be held on June 15th, 2023, in the capital city of Santo Domingo. The purpose of the pageant is to celebrate the beauty, intelligence, and cultural diversity of Dominican women. It aims to empower women to become ambassadors of peace and goodwill, promoting social causes and advocating for positive change in their communities. The winner of the pageant will represent the Dominican Republic in the international Miss Grand International competition, where she will have the opportunity to showcase the country's rich heritage and contribute to global peace initiatives.",2,"
- The AI provided incorrect information about the date and venue of the Miss Grand Dominican Republic 2023 pageant. According to the context, it will be held on August 4, 2023, at the Cibao Grand Theatre, Santiago de los Caballeros, not on June 15th in Santo Domingo.
- However, the AI correctly identified the purpose of the pageant, which is to celebrate beauty, intelligence, cultural diversity, empowerment, and to select a representative for the Miss Grand International competition.

","Split the question into two parts to make it clearer: ""When and where will the Miss Grand Dominican Republic 2023 pageant be held?"" and ""What is the purpose of the Miss Grand Dominican Republic pageant?""","Correctly state the date and venue of the pageant based on the provided context, ""The pageant will be held on August 4, 2023, at the Cibao Grand Theatre, Santiago de los Caballeros."" ,  Provide additional details about the changes in management to add depth and relevance to the response, referencing Alejandro Martínez and Jorge Cruz taking over the pageant."
44,"Question: What was the cause of the rebellion staged by the Wagner Group in 2023, and how did it end?","The rebellion staged by the Wagner Group in 2023 was caused by a dispute over the ownership of a rare mineral found in a remote region. The group believed that they had the rights to exploit the mineral, while the government claimed it belonged to the state. This disagreement escalated into a full-scale rebellion as the Wagner Group sought to establish their control over the region.

The rebellion ended after several months of intense fighting and negotiations. Ultimately, a peace agreement was reached, granting the Wagner Group limited rights to the mineral resources in exchange for their disarmament and integration into the national security forces. The government also agreed to invest in the development of the region, ensuring that the local population would benefit from the mineral wealth.

This resolution brought an end to the rebellion, although tensions between the Wagner Group and the government remained. Over time, however, trust was gradually rebuilt, leading to a more stable and prosperous future for the region.",1,"
- The AI's answer is completely inaccurate; it invents a fictional cause related to a dispute over mineral rights, which is not supported by the context given. The actual reason for the rebellion, according to the context, was the increased tensions between the Wagner Group led by Prigozhin and the Russian Ministry of Defence, primarily due to the MoD's order to integrate Wagner into the regular army, diminishing Prigozhin's influence.
- The resolution described by the AI is also fictional. The context indicates that the rebellion ended with a settlement brokered by Belarusian President Alexander Lukashenko, leading to the withdrawal of Wagner forces without mentioning any deal involving mineral resources or disarmament.
- The AI's response does not accurately reflect the provided context and fails to address the specific events and agreements that occurred, which ended the rebellion after negotiations on June 24, 2023.

","Provide specific details about the timeframe of the rebellion to narrow down the scope of the question. ,  Clarify that the rebellion’s motives are already partly known to avoid confusion regarding the need for speculation.","Utilize the context given to describe the internal tensions between Wagner Group and the Ministry of Defence as the true cause of the rebellion. ,  Correct the resolution of the rebellion to reflect the actual events, including the settlement brokered by Belarusian President Alexander Lukashenko without any mention of mineral resources or disarmament. ,  Avoid introducing false information not supported by the context provided."
45,"Question: What caused the gas supply outage in Sheffield, England in December 2022, and how long did the outage last?","The gas supply outage in Sheffield, England in December 2022 was caused by a rare phenomenon known as ""thermal gas inversion."" This occurs when a combination of atmospheric conditions and temperature inversions cause a layer of warm air to trap cold air near the ground, leading to a disruption in the gas distribution system.

The outage lasted for approximately 10 days, as it took considerable time for the gas company to identify and rectify the issue. During this period, alternative heating arrangements were made for affected residents, including the distribution of portable electric heaters and the establishment of temporary heating centers in community buildings. The local authorities worked diligently to ensure the safety and well-being of the residents until the gas supply was fully restored.",1,"
- The AI's response incorrectly identifies the cause of the outage as ""thermal gas inversion,"" when according to the provided context, the actual cause was a burst water main flooding the gas supply network.
- The AI's response on the duration of the outage is vague and contradicts the context, which states that some properties were without gas for almost two weeks, rather than the ""approximately 10 days"" mentioned by the AI.

","Ensure the question is specific enough to match the detail in the context, such as asking for the specific cause of the outage according to incident reports.,  Include a request for a precise time frame for the duration of the outage to receive a more accurate answer.","Correctly identify the cause of the gas supply outage as a burst water main and not ""thermal gas inversion,"" aligning with the context provided. ,  Provide a more precise duration for the outage, matching the ""almost two weeks"" as stated in the context."
